相关编号,决定税号,商品名称（中文）,商品名称（英文）,商品名称（其他）,商品描述,发布单位
R-2-2300-2024-0098,85167130,H2-CW 全自动咖啡机,H2-CW Fully Automatic Coffee Machine,,H2-CW 是一款便携式全自动咖啡机，主要应用在家庭中制作咖啡饮品，通过内置水泵产生高压，将热水以高压形式通过咖啡粉，精准提取出浓郁的咖啡液。咖啡机主要成分是塑胶件和金属件，整体采用了彩盒包装。,南京海关
R-2-2300-2024-0097,39239000,软壶,RONTAINER,,塑料制（聚乙烯），瓶口有螺纹，方便盖子密封，用于我司盛装消毒液等液体产品。容积：10L以上，单个重量：150g，尺寸：24*24.4*H23.8cm。白色透明，内外光滑、无焊无缝、重量轻、强度好、耐冲击、耐腐蚀、无毒无味、运输方便。在正常灌装、运输和装卸条件下，使用寿命长。主要是由聚乙烯材料，经过高温加热后，通过塑料模具经过吹塑成型的塑料容器。产自日本。,南京海关
R-2-5100-2024-0070,85369011,金属端子片,TERMINAL,端子,型号:172891-M2，材质：铜合金表面镀锡。外观：银白色，进口状态成卷，端子呈条状排列。加工方法：镀锡铜带经冲压模具，一次冲压成型。用途：端子压接电线，装插入胶座内，用于汽车内部电路线束中的接插件，起连接导电作用。工作电压：12V。,广州海关
R-2-5200-2024-0060,40169990,建筑隔震橡胶支座,Rubber isolation bearings for buildings,,型号：LNR400；材质：Q355B钢板、硫化橡胶；结构：上下各一层碳钢板，中间夹硫化橡胶层；功能用途：隔震支座是指结构为达到隔震要求而设置的支承装置，是在上部结构与地基之间增加隔震层，安装橡胶隔震支座，起到与地面的软连接，通过这样的技术，可以把地震80%左右的能量抵消掉。例如叠层橡胶支座(或称隔震橡胶支座、夹层橡胶垫等)。它是一种水平刚度较小而竖向刚度较大的结构构件，可承受大的水平变形，可作为承重体系的一部分；加工方法： 橡胶硫化、钢板切割、机加工；安装方法：预埋件混凝土浇筑、本体螺栓连接，产品规格： 1.8米*1.8米*400毫米,黄埔海关
R-2-2200-2024-0255,82060000,工具箱（带有94件工具）,94P 1/2”DVE BMC KIT MET,,由固定内六角扳手套（共9把）、大力钳1把、32个可互换螺丝批头和一个批头夹持器（可互换螺丝刀手柄）套装1套、活动扳手1把、套筒扳手的套筒25个（不同尺寸和形状的）、棘齿（轮）扳手1把、一字螺丝起子1把、十字螺丝起子1把、批头夹持器（可互换螺丝起子手柄1把、撬棒1把、老（台）虎钳1把、尖嘴钳1把、斜口钳1把、水泵钳（大力钳）1把、圆头锤1把、折叠切割刀1把、两用固定扳手14把，共计划94件工具配有一个由塑料模制成型的工具箱构成的成套工具，所有工具的工作面均由合金钢制成，用于工业或汽车等维修。,上海海关
R-2-2200-2024-0253,75071200,镍合金管,NICKEL ALLOY PIPE,,"规格：25.4mm*0.89mm*1800mm ；型号：N06625；加工方法：焊接 ；用途：工业,；成分：C:0.031% ,Si:0.12%,Mn:0.098%,P:0.005%,S:0.001%,Cr:20.90%,Ni:63.3%,Nb:3.28%,Mo:8.55%,Ti:0.25%,Cu:0.012%,AL:0.1%,Fe:3.21%,Co:0.053%",上海海关
R-2-2200-2024-0252,84305090,撬毛台车,Scaler,,"品名：撬毛台车
英文品名：Scaler
品牌：Normet
规格型号： Scamec 2000 S
用途：用于地下矿山和隧道的机械化撬毛作业，应用于非系统节理围岩中松散岩石的撬落。矿山和隧道在进行采掘爆破作业后，现场的巷道顶板及边帮存在破碎和不稳固的浮石，撬毛台车液压锤的钎杆可以将浮石撬落清除,  以防止浮石掉落危及人员和设备安全。适用于矿山和隧道围岩以及作业盘区、采区联道、切割槽、采准干线等。
功能：液压锤钎杆的冲击力把松动的岩石敲落，并将周围被楔住的、但仍然松动的岩石振动下来。
工作原理：在自推进底盘上装配有可伸缩机械臂，在机械臂前端安装有液压冲击锤，液压锤前端安装有钎杆。操作员通过设备的液压系统对液压锤进行操作，控制液压油流量来控制液压锤的冲击频率，驱动钎杆敲击浮石将之撬落。
结构： 
撬毛台车是自推进设备，由推进底座、控制装置、作业部件及操纵装置组装在一起。主要部件包括：驾驶室、发动机、动力换挡变速箱、车桥、制动、转向装置、伸缩工作臂、液压冲击锤、钎杆、液压支腿、空压机、前推板、液压系统和电气系统。
整机由发动机提供动力，液压系统包括由柴油机驱动的液压泵。转向、制动和撬毛作业均为液压控制。液压泵泵出的液压油由电控换向阀分配给推进底座及操作部件，电控换向阀在驾驶室的控制盘上加以控制。同一个公共的液压系统用于转向、制动、工作臂、液压冲击锤、支腿、空压机、前推板，可以同时操作转向和附件工作。
驾驶控制装置、工作臂、液压锤的操作手柄，以及支腿控制按钮、紧急停机开关、推板升降开关等均安装在驾驶室内，操作员在驾驶室内控制行驶和操作撬毛作业。
支腿用于稳固设备。前推板为撬毛作业扫清道路，防止损伤轮胎。空压机用于清洁撬毛钎杆后腔各种石粉渣子和污垢。
性能指标：撬毛工作臂覆盖范围：垂直8.4米，水平11米。液压锤冲击功  450 焦耳。",上海海关
R-2-5100-2024-0069,19042000,海乐牌燕麦即食燕麦片（冲调谷物制品）,"CAPTAIN ""HAI LE PAI"" INSTANT OATMEAL",,"海乐牌燕麦即食燕麦片（冲调谷物制品）,1KG/罐 ,1KG*12罐/箱。成份:100%燕麦片。燕麦片胚厚度0.3mm-0.45mm之间. 加工方式：脱壳后经过烧制蒸制。用脱壳机去除外壳 (无加热) 后，以80 °C 烧制3小时（kilned）蒸汽加热至温度 100-110°C 热处理后高压制片，此过程持续进行45分钟，压片后的燕麦片很热需冷却至室温后包装。食用方式：将燕麦片加入沸水或者热牛奶，倒入半杯即食燕麦片,充分搅拌,即可食用，亦可加入水果，糖浆，蜂蜜，椰浆或喜爱的配料。",广州海关
R-2-5100-2024-0068,19042000,海乐牌燕麦大燕麦片（冲调谷物制品）,"CAPTAIN ""HAI LE PAI"" JUMBO ROLLED OATS",,"海乐牌燕麦大燕麦片（冲调谷物制品），1KG/罐 ,1KG*12罐/箱。成份:100%燕麦片 。燕麦片胚厚度0.60mm-0.80mm之间,这是一个100%的全粒燕麦，因为这个过程保持了胚乳、胚芽和麸皮的组成成分。加工方式：脱壳后经过烧制蒸制。用脱壳机去除外壳 (无加热)后，以80 °C烧制3小时（kilned）蒸汽加热至温度 100-110°C 热处理后高压制片，此过程持续进行45分钟，压片后的燕麦片很热需要冷却至室温后包装。食用方式：将2杯水和半杯原粒大燕麦片倒入锅中，并煮沸低中火煮5分钟，间隙搅拌,加入牛奶或糖，亦可加入水果， 糖浆，蜂蜜，椰浆或喜爱的配料.",广州海关
R-2-5100-2024-0067,19042000,海乐牌燕麦快熟燕麦片（冲调谷物制品）,"CAPTAIN ""HAI LE PAI"" QUICK COOK OATMEAL",,"海乐牌燕麦快熟燕麦片（冲调谷物制品），1KG/罐 ,1KG*12罐/箱。成份：100%燕麦片。燕麦片胚厚度0.40mm-0.60mm之间.加工方式：脱壳后经过烧制蒸制。用脱壳机去除外壳 (无加热)后，以80 °C 烧制3小时（kilned）蒸汽加热至温度 100-110°C 热处理后高压制片，此过程持续进行45分钟，压片后的燕麦片很热需要冷却至室温后包装。食用方式：将清水煮沸，将半杯快熟燕麦片倒入1杯半的沸水内煮约3至5分钟，间歇搅拌，关上锅盖同时熄火，让它焖约2分钟。加入牛奶或糖，亦可加入水果， 糖浆，蜂蜜，椰浆或喜爱的配料。",广州海关
R-2-0100-2024-0051,73071900,不锈钢快速接头,316SS QUICK COUPING FITTING,,2寸快速接头，633F-SS20; 633D-SS20; 633B-SS20，不需要工具就能实现管路连通或断开，末端螺纹连接。性能指标：承压泄露量。快速连接和断开；用途：用于输送介质管道之间的快速连接和断开；成分：含钼不锈钢种，316SS不锈钢，铸造，150PSI压力下做泄露测试 ；加工方法：铸造；包装：纸箱包装。,北京海关
R-2-4200-2024-0026,84141000,真空泵,无英文名称,,真空泵的结构配置为齿轮箱、电机、机械增压泵、控制器、干泵、止回阀、通讯接口、真空泵显示终端、真空泵显示终端用支架、隔离阀.真空泵的进口报验状态为成套散件（其中齿轮箱、电机、机械增压泵、控制器、干泵已装配）.真空泵的价值组成为干泵系统（干泵、齿轮箱、电机、机械增压泵、控制器）价值占比为81.11%、隔离阀价值占比为12.17%、止回阀及保护罩价值占比为1.27%、通讯接口价值占比1.37%、真空泵显示终端及支架价值占比1.27%、其余电源线、螺母、螺栓、卡钳等价值占比2.81%.用途为主要用于半导体制造行业，在生产过程中需要利用真空泵将反应室抽取成真空环境，或者将制备环节多余的工艺气体抽出。三、工作原理为首先，电机是真空泵的动力核心，通过齿轮箱传递动力给机械增压泵。齿轮箱内的齿轮经过精密设计，确保动力传递的准确性和稳定性。机械增压泵通过内部机械结构对气体进行压缩和抽取。当电机驱动齿轮箱旋转时，机械增压泵开始工作，将气体从入口吸入，并通过压缩后从出口排出。控制器负责监控和控制整个系统的运行状态。它通过接收来自真空泵显示终端的指令，精确调整机械增压泵的工作参数，以满足不同的真空需求。干泵的作用是在抽取过程中进一步去除系统中的残余气体和杂质，提高真空度。它通过其特有的工作原理，有效清除系统中的残留物，保证系统的纯净度。止回阀能够防止气体倒流，确保系统的单向流动；而隔离阀则用于隔离真空泵与系统其他部分，便于进行维护和检修操作。通讯接口使得真空泵可以与外部设备或系统进行连接和通信，实现远程监控和控制功能。这为用户提供了更加便捷的操作方式，提高了系统的灵活性和可扩展性。最后，真空泵显示终端为用户提供直观的操作界面和实时的系统状态显示。用户可以通过显示终端查看真空度、工作参数等信息，并进行相应的调整和设置，以满足实际应用需求。综上所述，真空泵通过电机、机械增压泵、控制器等关键部件的协同工作，实现了高效稳定的真空抽取过程。同时，干泵、止回阀、等部件的辅助作用，进一步提升了系统的性能和可靠性。,青岛海关
R-2-4700-2024-0072,30043900,甘精胰岛素注射液（含笔式注射器）,Insulin Glargine Injection（Disposable Injection Pen included）,,"用途：糖尿病治疗用。样品出口用于产品测试。
包装规格： 3ml甘精胰岛素注射液/笔芯（卡式瓶），经专用设备组装成销售包装笔式注射器（含注射液，不含针头）。笔式注射器在注射液使用完毕后不可重复使用。
甘精胰岛素注射液外观：无色透明液体
甘精胰岛素注射液成分含量：甘精胰岛素0.36%，甘油（供注射用）1.7%，间甲酚0.27%，注射用水97.67%。
主要成分：甘精胰岛素
英文名称：Insulin glargine 
CAS号: 160337-95-1
分子式：C267H404N72O78S6 
分子量：6063
精确质量：6063
作用：调节糖代谢。胰岛素是通过促进骨骼肌和脂肪等周围组织摄取葡萄糖、抑制肝葡萄糖的产生而降低血糖的。胰岛素能抑制脂肪细胞内的脂解、抑制蛋白水解和促进蛋白质合成。
其他成分作用：
甘油（供注射用）：渗透压调节剂，用于将甘精胰岛素注射液渗透压调节至与血清渗透压一致，避免注射后产生不适感；
间甲酚：抑菌剂，用于抑制药液中微生物的生长，延长药液的保质期；
注射用水：溶剂，用于溶解甘精胰岛素和其它成分。
甘精胰岛素注射液生产工艺：
1.卡式瓶清洗：通过超声波清洗机对卡式瓶进行清洗。
2.卡式瓶灭菌：通过高温灭菌隧道对卡式瓶进行高温灭菌。
3.铝盖和胶塞清洗：通过专用清洗机对胶塞和铝盖进行清洗和灭菌。
4.无菌灌封：通过专用灌封机将胶塞推入卡式瓶底部，然后灌注甘精胰岛素药液进卡式瓶，最后用铝盖对卡式瓶进行封口。",武汉海关
R-2-2200-2024-0251,84791090,混凝土喷射台车,Mobile Concrete Sprayer,自推进混凝土喷射机,"品名：混凝土喷射台车
品牌：Normet
规格型号： Alpha 20
出厂商品序列号：EL985，EL986 （二台）
原产地：智利
用途：用于地下矿山巷道和隧道工程中的混凝土喷射作业 
功能：
作为隧道开挖的辅助工艺，将混凝土高速喷射到作业面，经快速凝结硬化后形成混凝土支护层，对巷道岩石起支护作用。
工作原理：
此设备工作时需要外接压缩空气。混凝土泵将预拌混凝土泵送至输送管道，速凝剂泵将速凝剂泵送至输送管道，风管连结外接压缩空气风源。混凝土、速凝剂及压缩空气通过各自管道输送至喷浆臂前端的喷头汇集结构，混合后通过喷嘴高速喷射至岩层表面。
结构：
混凝土喷射台车是自推进式混凝土喷射机，由推进底座、控制装置、作业部件及操纵装置组装在一起。主要部件包括：驾驶室、发动机、液压泵和液压马达组成的静液传动装置、驱动桥、制动、转向装置、喷射臂、混凝土泵、速凝剂系统、无线遥控系统、液压支腿、液压系统和电路系统。
整机由发动机提供动力，液压泵连结在发动机输出端，将动力传输至液压系统，行走和作业均为液压控制。喷射臂、混凝土泵、速凝剂系统、液压支腿、传动、转向和制动由同一个液压系统控制。
推进底座和控制、操纵装置的电路集成在统一的电路系统，由主板连结三个控制面板组成。推进装置控制按钮、液压系统控制按钮、推进和作业选择按钮、液压支腿操纵杆、整机紧急停机按钮、 混凝土泵振捣器控制按钮等安装在作业机器驾驶室内的控制面板上，其他作业通过无线遥控器操作。
设备各组件在液压系统和电路结构上形成一个整体不可分割。如将推进装置与作业、控制装置拆分，则该设备既不具备行驶功能，也实现不了喷射作业功能。设备没有变速箱和换挡控制器，不具备车辆底盘。
设备有推进发动机、转向和制动装置，没有变速箱及换挡操纵装置。
性能指标：
理论喷射能力20立方/小时，喷射臂在巷道中的覆盖范围达到5米x 5米。
生产商提供的技术资料及其中文翻译请见附件。",上海海关
R-2-2200-2024-0249,62114390,女式夹克,WOVEN WOMAN'S CASUAL JACKET,女士休闲夹克,成分含量：锦纶100%，有轻微防水涂层（肉眼不可见）；该女式夹克（货号：8079011)由100%锦纶机织物裁剪缝制而成，织物面料表面有轻微防水涂层，但肉眼不可见：无衬里；长袖，弹性袖口：带兜帽，从领口处全开襟，门襟采用双向拉链闭合：腰两侧有拉链口袋：衣服下摆有抽绳。用途：适合女成人上半身穿着；该款服装为 Burberry 经典格纹图案的轻质尼龙夹克，造型轻便、活泼、运动，适合女士休闲时光穿着，其不带衬里不具备御寒的功能,上海海关
R-2-3500-2024-0038,84869099,铜背板,CU BACKING PLATE,,是溅射靶材用铜背板可以反复使用，溅射靶材组件由裸靶和支撑背板两部分组成，背板与裸靶通过焊接连接为一体。背板通常带有与溅射机配合的连接孔、定位突起或卡环、卡口等结构。该铜背板是工业用，内部有水路通道，用于靶材降温，水路背板实际就是在普通实心背板的基础上，先内部铣凹槽加工，然后凹槽就是水路，表面再通过搅拌摩擦焊接盖板，加工工艺：铜板进料后经过粗加工、铣槽、盖板加工、打磨毛刺、搅拌摩擦焊、铣焊接面、精加工、攻牙、镶牙套、刻字、烫伤、烘干等一系列处理。材质为铜。包装:铝箱,福州海关
R-2-2200-2024-0245,39119000,DFE627 活性酯固化剂,DFE627 Active Resin,,"规格：200KGS/闭口钢桶，型号：DFE627，品牌：东材，成分含量：聚酯树脂（低分子含酯基齐聚物）65%；甲苯（溶剂）35%。用途：本产品属于电子专用化学品，本品自身的聚合度（DP、X n）：2~4 重均分子量Mw为2665（GPC测定）活性酯树脂为甲萘酚-双环戊二烯-苯酚-间苯二甲酸共聚物，单体单元种类比例为：甲萘酚10%双环戊二烯20%苯酚40%间苯二甲酸30%。 本品设计理论：利用活性酯树脂酯基变成环氧基团使其具有自固化特性这一化学机理来设计该产品。 DFE627活性酯固化剂与环氧树脂反应的原理是：在活性酯树脂与环氧树脂配方的胶液体系中，环氧树脂的环氧基团被催化剂开环后所产生的负氧离子进攻活性酯树脂中酯基结构上的羰基碳，使酯基断链，酰基转移产生新的酯基及醚键与开环后的环氧分子结构结合完成固化反应。得到的反应产物：含不同骨架活性酯的环氧固化物即改性的环氧树脂（该反应产物的聚合度（DP、X n）： 10~50，固化物Tg可达255℃,介电常数（10GHz）为3.8，介电损耗角正切为（10GHz）0.008，吸水率为0.12%，阻燃性能达到V-0级别。） 使用方法：DFE627活性酯固化剂与环氧树脂混合后，得到反应产物，再依据配方添加配料（包含环氧树脂,阻燃剂,填料和促进剂）后生成配置组合物。该组合物用于覆铜箔层压板的生产制备。 本品(DFE627活性酯固化剂)制备方法是：将苯酚和双环戊二烯进行加成反应，加成反应的反应温度为100～150℃在甲苯、二甲苯芳香族溶剂中进行，得到双环戊二烯苯酚树脂；对该双环戊二烯苯酚树脂的酚羟基进行酯化，酯化采用酸酐或酰氯来进行，酯化反应在碱催化剂的催化下进行，同样地，上述酯化反应根据需要在甲苯、二甲苯芳香族有机溶剂中进行，对于酯化反应后得到的反应体系静置分层并除去水层，对余下的有机层进行多次水洗分液，直至pH值达到中性，进一步再采用水洗中和的方式除去其中的碱催化剂，得到纯净的活性酯树脂（低分子含酯基齐聚物）。将65%活性酯树脂溶于甲苯（溶剂）制得本品。 本品特点：具有双环戊二烯与苯酯的交替结构，一方面其主链中含有的双环戊二烯结构，使其作为固化剂与环氧树脂反应后的固化产物具有很好的低吸湿性、低介电常数和介质损耗角正切等优良性质，另一方面其结构中活性酯结构的含量较高，使其在与环氧树脂的反应中具有非常高的反应活性。",上海海关
R-2-7200-2024-0007,28211000,铁精粉,/,,铁精粉主要成分含量：含氧化铁88.13%，六水合硫酸镍5.5%，氧化硅1.96%，氧化铝0.19%，水分3.21%；(硫酸镍、氧化硅、氧化铝均属于杂质)                                                                                                                                                  铁精粉主要用途：高炉炼铁的原料，状态为粉末带水份（泥状），大小约10-30微米，以吨袋形式包装。                                                                                                                                                        高冰镍原料中的Fe（单质＆合金）与浓硫酸、氧气经过浸出、除杂反应生成Fe（OH）3，Fe（OH）3及铁硫化物进入加压釜在高温高压条件下水解生成Fe2O3，经浓密分离、压滤机压滤后产出合格铁精粉。                                                                                                                                                                                                                                                                                                                    主要化学反应方程式如下：①常压酸浸反应方程式：原料中Fe（单质＆合金）与硫酸反应生成二价铁，加纯氧后生成三价铁：4Fe2++4H++O2=4Fe3++2H2O；提高PH后生成氢氧化铁：Fe3++ 3H2O=Fe(OH) 3+3H+；②加压酸浸反应方程式：加压酸溶后形成三价铁，再通过反应形成三氧化二铁FexSy+O2+H2O→Fe2O3+H2SO4，2Fe(OH)3+3H2SO4→Fe2(SO4)3+3H2O，Fe2(SO4)3+3H2O → Fe2O3+3H2SO4                                                                                                                                                                                                                                                                                            主要工艺：铁精粉生产流程中，第一段常压环境下原料中Fe（单质＆合金）部分加硫酸后浸出，硫化铁在常压下不易浸出，故进入第二段加压浸出，常压下加工提取的氧化铁纯度还达不到铁精粉的氧化铁纯度标准，因此要进行加压继续提取，提高最后生成铁精粉的氧化铁含量。加压工序必不可少，否则铁精粉氧化铁无法达到含量标准。铁精粉作用是炼铁原料，不是催化剂，起到作用等同于铁矿石。,南宁海关
R-2-3100-2024-0086,21069090,男士番茄红素补充剂,男士番茄红素补充剂,,"1、规格：90粒/盒。2、用途：保健食品。功能：专为男性设计，含锌、番茄红素&硒的氧化剂，支持精子健康。商品外包装无OTC标识。3、成分：d-α-生育酚 20.489 %, 羟丙基淀粉 15.436 %, 甘油 12.524 %,  豆油 7.5 %, 抗坏血酸 11.013 %, 硫酸锌一水合物（锌） 5.039 %, 卡拉胶 5.009 %, 卵磷脂 1.602 %, 大蒜油 0.073 %, 叶酸 0.051 %,硒 0.005 %, 番茄红素 4.806%, 蜂蜡黄色 3.094%, 净化水 2.934%, 氢化植物油9.32%, 磷酸氢钙 0.36%, 磷酸二钠 0.45%, 氧化铁 0.295%",宁波海关
R-2-4700-2024-0070,85235110,移动固态硬盘,无,,"1.规格型号：无型号；2.结构组成：移动固态硬盘是用固态电子存储芯片制成的移动硬盘，由主控制器、存储单元（闪存芯片）组成；3.工作原理：该产品是用固态电子存储（闪存）阵列制成的硬盘，由控制单元（控制芯片）和存储单元（闪存芯片）组成，上述部件通常焊接在一块电路板上。控制芯片的作用是负责读取、写入数据；闪存芯片用于存储数据；4.功能：存储个人数据信息，该产品为便携式移动固态硬盘；5.用途：外置于电脑，手机，平板等带有USB Type-C 接口设备的存储扩展设备,移动固态硬盘属非易失性移动存储器，应用于高性能计算、消费级存储器。",武汉海关
R-2-4700-2024-0069,30043900,甘精胰岛素注射液,Insulin Glargine Injection,,"用途：糖尿病治疗用。样品出口用于产品测试。
外观：无色透明液体
规格：3ML/瓶
包装种类：卡式瓶
成分含量：甘精胰岛素0.36%，甘油（供注射用）1.7%，间甲酚0.27%，注射用水97.67%。
主要成分：甘精胰岛素
英文名称：Insulin glargine 
CAS号: 160337-95-1
分子式：C267H404N72O78S6 
分子量：6063
精确质量：6063
作用：调节糖代谢。胰岛素是通过促进骨骼肌和脂肪等周围组织摄取葡萄糖、抑制肝葡萄糖的产生而降低血糖的。胰岛素能抑制脂肪细胞内的脂解、抑制蛋白水解和促进蛋白质合成。
其他成分作用：
甘油（供注射用）：渗透压调节剂，用于将甘精胰岛素注射液渗透压调节至与血清渗透压一致，避免注射后产生不适感。
间甲酚：抑菌剂，用于抑制药液中微生物的生长，延长药液的保质期。
注射用水：溶剂，用于溶解甘精胰岛素和其它成分。
甘精胰岛素注射液生产工艺：
1.卡式瓶清洗：通过超声波清洗机对卡式瓶进行清洗。
2.卡式瓶灭菌：通过高温灭菌隧道对卡式瓶进行高温灭菌。
3.铝盖和胶塞清洗：通过专用清洗机对胶塞和铝盖进行清洗和灭菌。
4.无菌灌封：通过专用灌封机将胶塞推入卡式瓶底部，然后灌注甘精胰岛素药液进卡式瓶，最后用铝盖对卡式瓶进行封口。",武汉海关
R-2-4700-2024-0068,29371900,甘精胰岛素API,Insulin glargine API,,"外观：白色粉末
规格：600mg/批次
用途：用于甘精胰岛素的工艺特异性的宿主蛋白残留检测试剂盒的开发及分析方法验证。
功能：甘精胰岛素API为生产胰岛素注射液用原料药。原料药中可能残留极少量的宿主蛋白，在所开发的试剂盒方法中（酶联免疫检测法）可作为检测物被识别，并被定量其残留量，可用于方法准确性的评估和方法学验证。
成分含量： 95%的甘精胰岛素、5%残留的无机盐           
甘精胰岛素
英文名称：Insulin glargine 
CAS号: 160337-95-1
分子式：C267H404N72O78S6
分子量：6063
作用：甘精胰岛素在此方法开发中，需要评估甘精胰岛素的存在是否会干扰检测，以此来评估方法的适用性。
毕赤酵母细胞宿主蛋白：毕赤酵母细胞在生产发酵过程中分泌到细胞外或由于细胞裂解导致暴露在发酵上清液的蛋白质，其实质为毕赤酵母细胞自身存在的蛋白质，蛋白种类多，最高可达数千种，酵母细胞也为常用的食品饮料生产发酵的细胞之一，本身蛋白质的安全性相对较高，在试剂盒方法开发中，其作用为作为免疫抗原对新西兰大白兔进行免疫，制备兔源的多克隆抗体，用于开发双抗夹心elisa法，用于产品的宿主蛋白的检测。
甘精胰岛素API是由层析四收集液经结晶、冻干工艺后所获得，甘精胰岛素API中可能残留极少量的宿主蛋白，我们用开发的双抗夹心法对其进行检测，评估经纯化后的宿主蛋白残留的情况，由此来评估工艺的纯化效果，保证产品的安全性。
甘精胰岛素纯化工艺：原料为毕赤酵母细胞的发酵液，通过毕赤酵母发酵方法提高胰岛素及其类似物前体表达，产生毕赤酵母细胞的发酵液。毕赤酵母是一种微生物。毕赤酵母细胞的发酵液主要成分为发酵过程中分泌的甘精胰岛素前体、毕赤酵母生长过程中自分泌的蛋白，或由于细胞破裂所释放的细胞自身的宿主蛋白质，发酵完毕后，取其上清液进行后续的工艺纯化。
纯化工艺分为两个阶段。一是甘精胰岛素前体制备：先用离心的方式收集上清液，然后层析一直接从上清液中捕获前体，最后用沉淀的方法收集前体沉淀用于酶切制备甘精胰岛素；在本阶段主要是从体积较大的发酵液中捕获甘精胰岛素前体。二是甘精胰岛素制备：收集的前体沉淀，采用重组胰蛋白酶进行酶切，得到甘精胰岛素，再经过三步层析对其进行精制纯化，最终用结晶的方式获得甘精胰岛素，经冻干得到甘精胰岛素API成品；本阶段主要是将甘精胰岛素前体通过酶切形成甘精胰岛素，使用层析的方法对其进行精制纯化。",武汉海关
R-2-2200-2024-0241,84781000,切丝机,CUTTER,,商品名称：切丝机。型号：KT 3-S160。产地：德国。用途：用于烟草生产的制烟丝工序，将片烟或烟梗切成一定宽度的烟丝或梗丝。商品构成：切丝机设备由进料装置、刀门系统、刀辊组件、磨刀装置、驱动单元和控制系统等组成。1、进料装置为振动输送机，由机架和振动输送槽体组成，由一个齿轮电机驱动，将物料输送到压实区域。2、刀门系统由输送排链区域与刀门组成，使用压缩空气气缸产生压力（压缩空气由工厂动力车间生产，通过管道输送到气缸），通过一套杠杆系统将压力施加到输送链及刀门上，压实、夹紧物料。3、刀辊组件由刀辊体、刀片、轴承座、进刀机构等组成，将被压实的物料切丝。4、磨刀装置由砂轮与金刚石修整单元组成，通过砂轮保持刀片锋利，用金刚石对砂轮表面进行清洁与修整。5、切丝机的主驱动通过内部的一套模块化、数字驱动系统激发。6、控制系统为一套西门子的可编程控制器，负责所有功能的开环、闭环控制，以及分布式输入、输出，驱动系统和安全PLC的通讯。材质：机器主要采用型钢、铸铁、不锈钢材质。报验状态：整机申报。包装：木箱。,上海海关
R-2-2200-2024-0236,73182900,推力轴承垫片,RING,,型号：3216 302 021 01，材质：合金钢制，推力轴承垫片制成一定厚度，安装于齿轮与平面推力轴承之间，平面端与齿轮接触，内圈车有凹槽，用于安装卡簧，给平面推力轴承定位，避免平面推力轴承轴向位移；锥形端与平面推力轴承接触，润滑油可以顺着锥形面进入平面推力轴承进行润滑；推力轴承垫片起到承摩、减振和调整轴向力作用。,上海海关
R-2-5100-2024-0066,85198139,学习机,无,,产品品名：学习机，主机尺寸：205*163*20MM；牌子：新雅文化；产品用途：助力幼儿经典启蒙，从看、听、点、读多元互动的方式，边玩边学，古诗名篇，启蒙国学，粤、普双语发声，适用于三岁或以上，需要配套特定卡片使用。工作原理：读：没有录音功能，当学习机检测到卡片插入时，即可启动读卡功能。卡片上的电芯片通过接触主机上的读取头，将存储的数据传输到主机内在中。主机通过内置音箱将卡片存储的语音读出并播放出来。看：对应放置在学习机的卡片上的图案；听：播放放置在学习机上卡片识别的内容；点：学习机正面有主页功能键，按下重复当前的卡片内容，学习机右侧有开关及音量档键；卡片上有粤语和普通话语言切换功能。有学习机与卡片分开销售，并非一体，可配套使用。,广州海关
R-2-8000-2024-0017,29362700,速溶VC微胶囊,Colorlets VC,,产品由羟丙基甲基纤维素和抗坏血酸（维生素C）构成，可用于面膜之中，具有美白抗氧化的作用，商品规格14-30mesh，用袋子和纸箱保存，商品由抗坏血酸（维生素C）（含量87-94%，活性物）、羟丙基甲基纤维素（含量6-13%，粘合剂）经由原料混料-搅拌-流化床喷雾-流化床造粒等工艺制作而成，PH值2.6-3.0,重庆海关
R-2-2200-2024-0233,84798200,纳米颗粒制备系统,NanoAssemblr Ignite Instrument,纳米药物制备系统,"该商品为纳米颗粒制备系统(NanoAssemblr Ignite Instrument）, 品牌：PRECISION NANOSYSTEMS；原产国：加拿大；该产品由机壳、微流控芯片、收集管、推进器、托板、旋转块、芯片适配器、电子控制部件和触控屏等构成。其中微流控芯片为专利设计的NxGen芯片，材质为环烯烃聚合物，属于一次性耗材，需额外单独订购，此次进口不包含。另外，用户还可根据实际需求，额外选配加热模块和注射器延长器以提高操作的便利性，此次进口不包含。功能：利用特有的微流体技术，使纳米颗粒能够可控、自下而上地进行分子自体合成，完成粒子结构包裹，不产生任何化学反应。可快速制备核酸脂质纳米粒、脂质体、聚合物纳米粒等多种纳米粒子，并可实现核酸、多肽、蛋白、疏水性药物等药物活性分子的高效包被。工作原理：利用微流控芯片上复杂的通路设计，使得配制好的水相和有机相液体分别从微流控芯片的两个注入口流入，并在特定的流速下交汇融合，溶液与水相间表面积增加，两者扩散距离减小，3ms内完成完全融合，引起液体极性的快速改变，并进行粒子结构的包裹，引发纳米粒自合成，最终合成所需的纳米颗粒，在此过程中物质未发生化学反应。用途：用作药物原料的预制备，实现脂质纳米颗粒的可控精确合成。操作方法：设备按照制备要求预设流速比、总流速、进样体积、废液体积、稀释比例等参数，将配制好的水相和有机相液体预置注射器中并将注射器预置到设备内部，通过螺杆推动注射器进样，在层流条件下，两相以独立液体流入微流控芯片，通过微流控芯片通路的微流特性，重复控制两相液体交汇融合，交汇融合过程中，溶液与水相间表面积增加，两者扩散距离减小，3ms内完成完全融合，引起液体极性的快速改变，从而引发纳米粒自合成。该商品进口后主要用于临床前基因药物的开发。",上海海关
R-2-0100-2024-0046,90049090,漥田眼镜,Kubota Glass,,结构组成：眼镜主体由光学镜片及眼镜框架组成。光学镜片由柔性PCB、8个寄存器、8个LED、8面镜、8个光触媒、8个微透镜和光圈以及光学窗口等配件构成，通过接近自然光的LED灯的投射，将8个白色的交叉光点投射到眼球内的焦平面上，中央的8面镜将白色光点折射到用户的视网膜上，从而呈现出一个犹如在户外的自然光视觉环境。眼镜框架内置环境光传感器、电源及其按钮、连接器，商品还配备专用收纳盒、充电盒、电源适配器、USB数据线、眼镜布、保修卡。用途：室内就座并静止时可使用，使用对象为6岁以上（包含6岁）。通过AR技术在视网膜周围再现自然光，呈现出一个犹如在户外的自然光视觉环境，每天佩戴1-2小时即可呵护过度使用的眼睛。原理：使用AR技术，即通过搭载的可投射出类似于自然光的小型LED、8面镜等配件，在视网膜周围投射出一个犹如在户外的自然光视觉环境。,北京海关
R-2-5100-2024-0064,85094090,便携咖啡研磨机,PORTABLE COFFEE GRINDER,无,1:牌子：NICOH；型号：NK-M08。2:主要材质包括：ABS+不锈钢+铝合金+玻璃。3:主要用途：研磨咖啡豆。4:工作原理：将咖啡豆倒入磨仓轻轻摇平，锁紧卡扣固定，打开开关，开始研磨，不存在保温功能，有一个小电机驱动工作。,广州海关
R-2-5100-2024-0061,76012000,铝稀土合金,Aluminium Grain Refiner,,合金的成分为：含稀土金属8.68%（镧:3%；铈:5.68%），含铝91.32%；型号：AlRe10；合金铸锭块重约6公斤/块，用于铝合金熔铸，铸造过程中细化铝合金晶粒，改善铝合金型材表面光洁度，提高铝合金型材的导电率。在工业纯铝高温熔融状态下加入8.68%重量百分比的混合稀土（镧铈）金属块，待混合稀土金属块完全熔化并充分搅拌后，浇入模具铸造出约6公斤/块的铝稀土合金。可用化学分析法检测出合金中的稀土的含量。提供的检测报告上的样品铝稀土合金金属丝与申请商品归类的铝稀土合金的成份一致。,广州海关
R-2-5100-2024-0060,90314990,三维激光扫描仪,3D LASER SCANNER,,三维激光扫描仪由扫描仪主机、三脚架基座和数据采集和预处理软件等组成。扫描仪主机内含激光发射器和激光接收器，通过在主机触摸屏设置相关测量参数，操控主机向目标发射安全的脉冲激光直接照射到被测物体表面，经反射后到仪器上的传感器接收被测物体表面上反射的激光波束，同时仪器中的微处理器再计算发出激光波束和接收到反射回来激光波束的时间差，就可以得到被测物体表面到扫描仪之间的准确距离。同时三维激光扫描仪内置了高精度的水平和垂直方向的角度度盘，从而记录出待测物体和三维激光扫描仪主机的空间夹角，通过多点测量距离和角度信息，最终可以得到高精度的三维坐标，实现对地物的三维几何构建功能。功能：获得地形和地物点的三维坐标数据和影像数据，构建高精度高分辨率数字模型。用途：用于地形地物测绘等领域测量物体体积和空间位置等信息。如建筑物测量、隧道测量、土木工程应用及工程监测、城市三维建模、数字城市建模等。,广州海关
R-2-8600-2024-0028,21022000,冷冻三角褐指藻,Phaeodactylum Tricornutum Frozen Biomass,,冷冻三角褐指藻是采用创新生物技术由人工培养的三角褐指藻为原料，经过离心、冷冻干燥的生三角褐指藻（Phaeodactylum tricornutum），呈褐色粉状物，具有藻类特有的气味，未添加国家明令禁止的添加物和化学制品。其富含活性成分为岩藻黄素（fucoxanthin）。岩藻黄素（Fucoxanthin）关键信息：分子式：C42H58O6;分子量：658.91；CAS号：3351-86-8。,昆明海关
R-2-8600-2024-0027,44034990,蚬木砧板,Burretiodendronhsienmu,,蚬木砧板、用来做厨房用具、木制、编织袋,昆明海关
R-2-8000-2024-0016,38249999,磨砂微丸,Silicalets,,"由二氧化硅、甘露糖醇、蔗糖、玉米淀粉、聚乙烯醇、钛白粉、云母、CI 77510、CI 77007等构成，不溶解于日化成分中，可以起到磨砂的作用；产品由甘露糖醇和蔗糖包裹，并用淀粉改善产品流动性，使其圆润不伤肤，在磨砂的同时保护皮肤角质层。商品规格20-30mesh，用袋子和纸箱保存，商品由二氧化硅（含量50-54%，磨砂剂）、甘露糖醇（含量15-18%，载体材料）、蔗糖（含量6-8%，粘合剂）、玉米（ZEA MAYS）淀粉（含量6-8%，改性剂）、聚乙烯醇（含量5-8%，粘合剂）、CI 77891（钛白粉，含量4-6%，着色剂）、云母（含量4-6%，着色剂）、CI 77510（亚铁氰化铁含量0.1-1%，着色剂）、CI 77007（群青蓝含量0.1-1%，着色剂）经由原料混料-搅拌-流化床喷雾-流化床造粒等工艺制作而成，PH值4-8,干燥失重≤8%，堆密度300-800 kg/m3",重庆海关
R-2-8000-2024-0015,38249999,清凉丸,Super Cool,,"由甘露糖和纤维素包裹清凉剂薄荷油薄荷醇构成，可用于牙膏之中，碎裂时释放清凉剂，带来清凉感，商品规格14-18mesh，用袋子和纸箱保存，商品由甘露糖醇（含量40-60%，载体材料）、微晶纤维素（含量20-30%，粘合剂）、蔗糖（含量10-20%，粘合剂）、玉米（ZEA MAYS）淀粉（含量1-5%，改性剂）、羟丙基甲基纤维素（含量1-5%，粘合剂）、CI 77289（脱氢铬绿，含量1-5%，着色剂）、薄荷醇（含量1-5%，清凉剂）、薄荷烷甲酰乙胺（含量1-5%，清凉剂）、辣薄荷（MENTHA PIPERITA）油（含量0.1-1%，清凉剂）经由原料混料-搅拌-流化床喷雾-流化床造粒等工艺制作而成，PH值4-8,干燥失重≤8%，堆密度700-900 kg/m3。",重庆海关
R-2-8000-2024-0014,38249999,凝胶花瓣,Petals,,人工合成凝胶状花瓣，可用于啫喱精华中，在泵出时碎裂在皮肤上，增加产品肤感，滋润皮肤，起到保湿的作用，同时可以点缀产品外观。由琼脂和藻酸钙成膜形成稳定结构，在配方中稳定且无微生物污染风险，主要成分均来自植物，可生物降解无残留。商品规格9-15mm，用塑料瓶子保存于水中，商品由水（含量85-95%，溶剂）、丁二醇（含量2-10%，保湿剂）、CI 73360（红30色粉，含量0.05-0.1%，着色剂）、CI 77891（二氧化钛，含量0.1-0.5%，着色剂）、藻酸钙（含量0.5-1%，成膜剂）、结冷胶（含量0.5-1%，成膜剂）、琼脂（含量0.5-1%，成膜剂）、辛甘醇（含量0.25-0.5%，保湿剂）、1，2-己二醇（含量0.25-0.5%，保湿剂）经由原料配料-原料混料-搅拌\匀质-滴制成型-水中反应制粒等工序制成，PH值5-8,重庆海关
R-2-8000-2024-0013,38249999,黑色油滴颗粒,Capsulets,,由琼脂和羟丙基甲基纤维素成膜从而形成稳定结构，在配方中稳定且无微生物污染风险，主要成分均来自植物，可生物降解无残留，该颗粒可增加产品肤感，滋润皮肤和头皮，有以下作用：1.抗氧化作用：所含的长链脂肪酸所表现出的良好的抗氧化性，肤感轻盈还不油腻；2.滋润保湿作用：封闭性油脂，在皮肤表面形成一层锁水薄膜，紧紧锁住皮肤水分滋养皮肤，同时还能舒展皮肤纹理，让皮肤保持柔顺光滑；3.修复作用：可以补充皮肤屏障所需要的脂肪酸，起到修护屏障的作用。可以用于护发护肤产品中。商品规格3-5mm，用塑料瓶子保存于丁二醇中，商品由水（含量65-75%，溶剂）、辛酸葵酸甘油三酯（含量10-20%，保湿剂）、白池花籽油（含量1-5%，护发护肤剂）、丁二醇（含量2-10%，保湿剂）、CI 77019（云母，含量0.01-1%，着色剂）、CI 77891（二氧化钛，含量0.01-1%，着色剂）、CI 77491（氧化铁红，含量0.01-1%，着色剂）、CI 77499（氧化铁黑，含量0.01-1%，着色剂）、硅石（含量0.01-1%，改性剂）、氧化锡（含量0-0.01%，珠光剂）、琼脂（含量0.1-1%，成膜剂）、羟丙基甲基纤维素（含量0.1-1%，成膜剂）、香精（含量0.1-1%，芳香剂）、透明质酸钠（含量0.01-0.1%，保湿剂）、苯氧乙醇（含量0.1-1%，防腐剂）经由原料配料-原料混料-搅拌\匀质-滴制成型-水中反应制粒等工序制成，PH值5-8.,重庆海关
R-2-4700-2024-0067,85359000,触发开关管,Switching Spark Gap,,基本组成及材质：触发电极、临近极、对位极和上釉的主瓷管以及密封在其中的工艺气体。工艺流程：临近极和触发极的钎焊 & 对位极的钎焊 ：临近极和触发极+对位极+上釉主瓷管通过银铜焊料焊接-产品漏气检验-产品充工艺气体-产品电参数测试-表面镀镍。产品功能：在临近极和对位极之间按设定频率加上一个电压，在触发线路，同步按设定频率在触发极上加一个电压（触发电压），开关管会按设定的频率被击穿，击穿时线路接通（实现开的功能），没有击穿时线路是断开的（这时是关的功能）。产品应用：TS触发开关管在体外碎石机上与高压电容以及负载线圈等一起工作，在线路中起开关的作用。,武汉海关
R-2-0100-2024-0043,90181990,心磁图仪,Magnetocardiography,,1.产品的结构组成：心磁图仪由磁场屏蔽系统、磁场探测阵列、可移动检查床、心磁图软件（版本：V1）、主控系统组成。2.商品功能：该产品用于采集、记录人体心脏的磁场信号。3.工作原理：该产品用来采集和记录人体心脏的磁场信号。心磁信号是在心脏跳动的过程中由心肌细胞内离子活动产生，且信号通常非常微弱，只有几十pT量级，相当于地球磁场（大约为±50000nT）的百万分之一。本产品利用装配在产品内部的原子磁力计作为磁场传感器，针对人体心脏发出的磁场信号进行测量，将探测到的心磁信号转换成为电压信号，经控制电路输出，送入到数据采集卡，供计算机进行数据预处理及成像。本产品的磁场屏蔽系统可有效地消除地磁场和其他外界磁场噪声的干扰，为磁场传感器提供良好的工作环境。相比于心电信号，心磁信号传输不会受到人体组织的干扰，可以更加敏锐地捕获到某些心电图所不能探及的心肌电活动引起的非常微弱的磁信号，因此能够更加灵敏的检测出心血管系统早期病变，具有高度的敏感性和特异性，是一种对心脏电活动引起的微弱磁场信号进行记录并显示的新型无创检查设备。4.商品用途：用于医疗机构和医疗单位的日常心脏检查，适用于需要进行心脏磁场信号测量的人群。,北京海关
R-2-5300-2024-0036,84151022,精密空调,Precision air conditioning,,品牌及型号：Envicool 牌精密空调，CyberMate 530 机房专用空调产品。用途：是针对交换机房和移动机房、计算机房、数据中心（IDC）、高科技环境及实验室、工业控制室和精密加工设备、标准检测室和校准中心、UPS 和电池室、生化培养室、医院和检测室、实验室及工业洁净室等应用场所开发的机房专用空调系列，机组性能参数完全按照机房精密空调要求设计制造，产品具有高节能率、高可靠性、高能效比、多冷量段、多送风方式等特点。组成：该空调由制冷压缩机（变频）、EC 风机、蒸发器等关键元器件构成。备注：该空调设计上可选配加湿器，但是在该空调实际发货时无加湿器，也没有其他调节湿度的装置。制冷量：30.9KW。无冷热换向阀门。安装方式：置于地上。空调是分体式的（内外机分开），内外机一同报检。,深圳海关
R-2-3300-2024-0022,35069190,贴片膜,Die Attach Film,,"“贴片膜”，型号：HR-420T-500-N45-150-ICP，品牌：RESONAC，用途:用于集成电路贴片工序，将芯片粘着于基板。经烘烤后固化起到粘结作用。工作原理：贴片膜表面有覆盖层，底部有衬基层，中间为贴片膜；使用时先将覆盖层去除,后在晶圆贴膜工序中将工作站台温度设定为40-50度,通过滚轮滚动将贴片膜一面贴在未切割的晶圆背面,贴膜后转送至切割工站,同晶圆一起切割成单一的芯片,在芯片贴片工站中调节吸嘴力度并将工作台温度调节至80-100度,吸嘴吸起,将切割后的芯片及贴片膜剥离衬基层,通过贴片膜的另一面将芯片贴附于基板上,随着温度继续升高,贴片膜变成半结晶粘合剂,强力粘着基板，完成芯片贴片工序。成分含量：环氧树脂21-41%(粘合剂主要成份）+酚醛树脂15-25%+二氧化硅35-45%+(甲基)丙烯酸酯共聚物10-20%+硅烷醇衍生物<1%(作为增粘剂),4.37kg/卷；片状；为芯片及基板之间封装粘结的具有一定厚度的固体片状粘合剂,无基材层,该粘合剂在低温及常温状态下具有一定粘性,但性状不活跃。",合肥海关
R-2-5100-2024-0058,73269090,接线盒密封连接件,Raintight Compression Connectors,,"型号：CCR50 、CCR75 、CCR100、CCR125、CCR150、CCR200、CCR250、CCR300、CCR350、CCR400  。用途：用于电源线接线盒与电源线线管的连接  材质：钢铁+丁腈橡胶+尼龙PA66  。产品由7个部件组成：齿圈（钢铁制）1个；橡胶圈（橡胶制）1个；管体（钢铁制）1个；密封圈（尼龙）1个；摩擦圈（钢铁制）1个；弹圈（钢铁制）1个；螺母（钢铁制）1个。产品的各个比例为：97.7%钢材，2%橡胶，0.3%尼龙。货物产品加工方法工序为：1，切断机切断管料（按客户要求尺寸切断管料长度，齿圈，橡胶圈，管体，密封圈，摩擦圈，弹圈，螺母,）；2，倒角机倒角（管体，螺母）；3，用模具冲压缩口管体（管体，螺母）；4，用模具冲压成型（齿圈，弹圈，摩擦圈）；5，滚牙机滚牙（齿圈，管体，螺母）；6，电镀厂电镀(齿圈，管体，摩擦圈，弹圈，螺母,)；8，注塑（橡胶圈，密封圈）7，人工或机器组装（齿圈，橡胶圈，管体，密封圈，摩擦圈，弹圈，螺母,）",广州海关
R-2-4200-2024-0023,21069090,鸡蛋糕,Chicken cake,无,名称：鸡蛋糕规格：450g*20袋/箱   用途：菜肴制品   成分：鸡蛋液+辅料 生产工艺流程为：原料验收－使用无菌蛋液－配料－熟制成型（将调制好的蛋液放入长方形的煎制锅中，锅具加热，煎制成长方形蛋块）－冷却－真空包装－消杀-内包装验收－过敏原标识检查－速冻－金属探测－外包装－外包装验收－入库.储存产品配料：全蛋液82%、辅料18%； 辅料中包含：饮用水8.1%、绵白糖6.5%、大豆油1.8%、二淀粉0.6%、海藻糖0.4%、食用醋0.4%、食用盐0.1%、β-胡萝卜素0.1%,青岛海关
R-2-0200-2024-0031,69032000,滑动水口,slide gate plate,滑动闸板,"型号：13QC；加工工艺：1、主要原料板状刚玉（氧化铝含量99%以上）和锆刚玉（氧化锆含量40%其余是氧化铝）与结合剂碱性酚醛树脂（起到在高温下与刚玉易于烧制），在全自动配料线进行配料制作成泥料，经压力机进行毛坯成型，毛坯成型产品进入全自动干燥窑内，经干燥后进行烧制工序。2、干燥后的毛坯在高温烧成窑炉内，经高温1450度烧制，烧制后产品经检测合格后转浸沥青工序。烧制后产品的成分含量：氧化铝 Al2O3% ≥80, 氧化锆 ZrO2% ≥6, 碳C % ≥3, 氧化硅SiO2%≥7。3、烧制后产品在浸沥青罐中抽真空，使沥青浸入产品中（目的是减少成品中的气孔），然后经干馏清碳检测后进入后续工序。4、在浸沥青后的产品上组装钢壳(钢壳起到保护功能)，进行修边、磨面。产品磨面加工后检验平整度和尺寸，合格后转涂布工序用滑动水口油（主要成分是碳和其他易挥发的成分）进行表面涂布（起到光滑产品作用）。最后产品进行修面，检验理化指标，尺寸，外观等，符合要求包装入库。最终成品的成分含量：氧化铝 Al2O3% ≥72, 氧化锆 ZrO2% ≥6, 碳C % ≥3, 氧化硅SiO2%≥7，铁Fe%≥10。使用方法：安装在钢炉的出水口上， 通过开关阀门，让滑动水口通过固定轨道移动，通过上下滑动水口上的孔，控制钢水流入到钢坯槽中的速度。功能：是钢水的控制装置，通过上下滑动水口上的孔部分的重合程度来控制钢水浇注速度，起到钢水流量的控制调节作用，使流入和流出的钢水平衡。能够耐受1500-1750度的钢水。",天津海关
R-2-2200-2024-0231,29371900,甘精胰岛素冻干粉（B02）,Freeze-dried Powder of Insulin Glargine（B02）,,成分：95-105%甘精胰岛素，≤4%水，＜0.5%锌；来源和制备工艺：通过基因工程的方法构建含甘精胰岛素表达基因的质粒，将此含有甘精胰岛素表达基因的质粒的转入宿主大肠杆菌，经检定可以正常表达甘精胰岛素后，将含有甘精胰岛素目的基因的大肠杆菌工程菌进行发酵，得到的包涵体经过变复性、离子交换层析、反相层析纯化后，得到高纯度的甘精胰岛素溶液，最后通过结晶及冻干.获得甘精胰岛素冻干粉.,上海海关
R-2-2200-2024-0230,73071900,管接头,"Fitting,Tube",,材质：SUS316不锈钢，构成：L型管路，内螺纹式管接头，管路部分为铸造，螺纹管接头为锻造，表面做过电镀防锈处理。功能：用于管路连接，连接方式为螺纹连接，一端安装在厂务段供气管路，一端与机台气体柜连接。用途：半导体制造设备扩散炉气体管路的连接。,上海海关
R-2-2200-2024-0226,23099090,美瑞高-藻粉,Meriden-Stim Algae,,"规格：25公斤/袋，型号：无，外观：深褐色粉末，加工方式：通过对甘蔗进行培养，生产出裂壶藻粉，然后和硅藻土及石粉混合而成；成分含量及用途：裂壶藻粉＞16%，提供主成分DHA,具有抗炎、抗氧化、促免疫功能，能够平衡动物体内的脂肪酸组成，利于健康；硅藻土＞ 3% 载体，抗结块剂；石粉 ＞79%  载体，石粉来源于石灰石。",上海海关
R-2-5100-2024-0055,73269090,煤气管压紧件,stiffener,无,1.成份: 316不锈钢 2.牌子：无牌  型号：无型号 3. 规格尺寸:  整体成圆圈状.精密拉伸=成型-打磨  4. 加工程度：配件.5. 用途：用于压紧硬尼龙煤气管,广州海关
R-2-3300-2024-0021,21069090,谷美特 富硒营养强化复合粉,Gourmet Selenium-rich nutrition fortified compound powder,,配料：植物硒蛋白（30%）、富硒藜麦胚芽（20%）、富硒燕麦胚芽（13%）、富硒玉米胚芽（11%）、富硒西兰花（8%）、植物甾醇、蓝莓、沙棘、苦瓜、山药、胶原蛋白、低聚果糖、竹叶黄酮；科学合理地补充有机硒,合肥海关
R-2-3300-2024-0019,25309099,硅矿石,Silicon ore,,含量：Si-22% Fe-7% Al-2% Hg-0.61% K-0.6% Na-0.4% Ti-0.4% S-0.3% Pb-0.3% Ca-0.3% Mg-0.1% W-0.06% Zr-0.04% P-0.03% Ce-0.02% Ba-0.02% Mn-0.01% Sr-0.01% Zn-0.007 Cl-0.006 Cr-0.005% Rb-0.004% Cu-0.003% Nb-0.001%颗粒状硅矿石，无放射性有害元素。,合肥海关
R-2-8000-2024-0011,85444221,线缆,POWER CORD,,结构组成：该线缆为带接头线缆。由端子+铜线+PVC+塑料壳等构成，性能指标:电流7A、额定电压125V。由3根芯线并排组成，3根芯线相互未接触，其中中间的芯线有2层绝缘层，其余2根芯线只有一层绝缘层。线材两端已加工连接电源用的连接头，头插和尾插均为3PIN。结构原理：由中间芯线外包PVC绝缘层，再与另外2根铜芯线押出成扁平的线材，线材两端加上端子、塑料壳后冲压成型头插与尾插，从而加工成连接电源用带连接头的线缆。线材加工流程为先押中间绿线，再合并押出外被。因外被同时成型的，三根芯线不能撕开。功能：该线缆用于笔记本电脑电源线，通过连接电源将电流输送至笔记本电脑。长度：1.8米；线材截面尺寸：3.65±0.1X8.65±0.3mm。标准:线材美规标准UL 62；插头及尾插美规标准：UL 817/UL 498。,重庆海关
R-2-5200-2024-0056,73249000,墙排排水管,Wall drainage pipe,,材质：304不锈钢；用途：一般用于卫生间连接洗脸盆与墙壁排水管；加工方法：管状加工，切割，焊接，抛光，电镀铬色;安装方法：产品已完全加工成型，可以直接安装使用，一端固定在墙面，一端连接洗脸盆下水口;产品规格：产品呈不规则U型，全长304.4MM,黄埔海关
R-2-4200-2024-0022,22029900,Reliefia植物饮品,Reliefia Plant drinks,,"性能：活血化瘀，理气止痛，温经散寒。经前或月经期出现下腹冷痛，身冷，下腹坠胀，腰骶酸痛，情绪不宁，食欲差，乏力，头晕，头痛或其他不适等。配料: 水79%、白砂糖4.4%、当归1.8%、玫瑰花(重瓣红玫瑰)1%、白芷1%,山楂1%、乌梅2%、肉桂1.8%、干姜1%、甘草2%、紫苏1%、葛根1%、小茴香1%、橘皮1%、薄荷1%。  包装 :50ml/瓶，12瓶/盒，120瓶/箱。饮用方法:直接饮用（本品每日食用不超过2瓶）。不适宜人群:孕妇、哺乳期妇女及14周岁以下儿童不宜食用",青岛海关
R-2-0100-2024-0040,76031000,铝硅合金粉末,Aluminum Silicon Alloy Powder,铝合金粉末AlSi10Mg    Aluminum alloy powder AlSi10Mg,规格:AlSi10Mg。型号:LB-PBF TMS05-054105。结构原理:金属铝与非金属硅、金属镁的加工合金物。性能指标:粒度小于63微米的金属合金粉末。功能:3D打印零件胎体粉末。用途: 制造工业3D打印零件用原料金属粉末。成份:铝含量：88.0-91.0%，硅含量：9.0-11.0%，镁含量0.2-0.5%。加工方法:雾化工艺，具体流程为配料-熔化-雾化制粉-筛分-合批-包装，其中雾化制粉为关键过程，加热功率和转速为重要参数，通过控制这两种参数获得相应的球形粉末。分析方法:激光粒度检测法。包装：5kg/内袋，25kg/外桶。结构式：AlSiMg。CAS号：Al：7429-90-5，Si:7440-21-3，Mg：7439-95-4。图片：球形或类球形、银灰色固体粉末。,北京海关
R-2-0100-2024-0038,35079090,蛋白酶(百利美),STROTEASE SP100,蛋白酶     PROTEASE,性能指标：主要性能指标为酶的活性，以U/g表示。      用途：1、提高饲料消化和利用率；2、增加营养价值；3、降低饲料成本；4、提高动物生产性能；5、消除饲料中的抗营养因子；6、降低环境污染。       成份：蛋白酶90%，淀粉10%        CAS号：9025-49-4     条形码（GTIN）：无   二维码：无    出厂商品序列号：无       结构原理：由一种或多种酶制剂加载体经物理混合而成。           功能：通过促进动物消化吸收、降低饲料成本、减少排泄物对环境的污染、增强饲料的营养等方式，提高养殖效益，实现可持续发展。         分析方法：分光光度法检测,北京海关
R-2-0100-2024-0037,84141000,分子泵,Turbomolecular pump,涡轮分子泵,"分子泵 型号：TMP-V2304LM。结构：泵主体和控制面板。原理：利用高速旋转的叶片离心力将游离气体分子驱赶至出口处，获得最大抽气能力。功能：分子泵是将靠高速旋转的动叶片和静止的定叶片相互配合来直线抽气。气体抽出实验室装置中的气体和蒸汽,通过在泵内创建一个低压环境,然后利用不同的技术将气体分子移动到出口端,从而将气体抽出。用途：用于镀膜机腔室抽气。",北京海关
R-2-5300-2024-0034,90192020,呼吸机模块,Macawi Respiratory Module,,该产品可以用于从新生儿到成年人，从重症监护室到便携式呼吸机都可以。产品的结构组成：涡轮风机、氧气浓度调节比例阀、呼气正压比例调节阀、吸入流量传感器、气道压力传感器、气道安全电磁阀、环境温度监测传感器、高压氧压力传感器、氧浓度监测传感器、雾化装置点接口、呼吸控制板。需要再装上螺纹管、旋钮、 开关、 外壳就可以组成整机。功能：压力、流量、通气量监控，呼气、吸气触发，湿化控制输出，呼吸管路校对，氧气传感器交互，系统测试，系统和病人回路校对，呼气阀控制，安全阀控制。原理：（通电后）通过涡轮风机高速旋转，压缩周围空气，给呼吸机带来气体压力，涡轮机的转速通过电路板控制。,深圳海关
R-2-4200-2024-0021,44079930,北美红桤木定宽料刷子柄,Cut-Stock Hardwoods Boards of Red Alder,,工艺流程:1、多片锯，纵切去掉板材的边皮，切出不同宽度的板；2、优选锯，把从多片锯冲出的板材，根据不同规格的要求，横切截掉板材上的不合格特征，最后截出不同长度的定宽料；3、砂光工序，拼板根据厚度要求，进行砂光。用途：成品客户收到后用于制作刷子柄。主要成分：原材料是从美国进口的北美阔叶木厚板材，产品英文名称Red ALder，拉丁文Alnus Rubra。成品厚度范围25.4-31.75mm，宽度范围：45-100mm，长度范围：157-340mm，例如：25.4*85*215mm，25.4*100*230mm，25.4*60*340mm，25.4*90*205mm。最终出口时会摆放在经过热处理的托盘上，托盘上印有热处理标识。外面缠绕膜以及打包进行包装处理。,青岛海关
R-2-6800-2024-0003,84798200,浸没式曝气机,submersible aerator,,"1规格、型号：AER-GS 2200-24, 品牌：AQUA TURBO。2结构：由以下部件组成，提升钢索、电缆、电缆导索、空气供应软管、管夹、固定气管、电缆保护套管、固定套、提升支架、浸没式电机、浸没式减速器、阳极、支架、轮轴、叶轮、扩散气管、管夹、底板、橡胶支脚。3作用：本浸没式曝气器用于本司污水处理系统（污水流程：格栅机-预沉池-集水池-调节池-初沉池-生化池-二沉池-转盘式微过滤器-达标排放）的生化处理好氧阶段，曝气器置于生化池内底部，浸泡在污水中，向生化池中的污水提供足够的氧气，以保证污水处理工艺的生化处理效果。4工作原理：外部配套的空压机（空压机是原有污水处理系统中的设备不在本次申请范围内）通过管道将压缩空气输送到曝气器叶轮下部，浸没式曝气器的叶轮由浸没式减速电机驱动，对水进行搅拌并把空气均匀散布在水中，形成微小的气泡。叶轮上的瓣片可对曝气器周围360度方向的水产生搅拌作用，叶轮底部的瓣片对扩散气管出来的空气进行切割，使形成微泡。均匀良好的微泡可有效提高和保障水中的溶解氧，降低供气设备的装机功率和动力的消耗，大大利于污水中溶解氧的控制，保证污水生化处理的效果，通过管道流到下一污水处理工序。",江门海关
R-2-3100-2024-0078,39249000,海绵擦,sponge,,功能，用途：日常浴室洗澡时清洁用 ；成分：PU ；加工方法：发泡，切割，印刷,宁波海关
R-2-5200-2024-0053,85176299,智能手表,SMART WATCH,,（1）物品名称：智能手表SMART WATCH ；品牌：COROS牌；型号：W331型；（2）规格：41.9*41.9*11.7毫米，重量30克；（3）材质：表面材质: 矿物玻璃;表带材质: 硅胶/织物;表壳材质: 高强度聚合物；（4）组件构成：高精度GPS芯片、心率和血氧传感器、1.2英寸矿物玻璃屏幕、支持Wi-Fi和蓝牙连接的电子模块、电池以及硅胶或尼龙材质的表带。（5）包装：手表本身、充电线、表带和用户指南等；（6）功能：①运动追踪：支持多种运动模式，精准记录运动数据。②心率监测：实时监测心率，提供心率区间和心率变化数据。③血氧检测：测量血氧水平，用于高海拔训练或呼吸健康监测。④睡眠监测：分析睡眠结构，包括清醒、REM、浅睡和深睡阶段。⑤GPS导航与定位：利用卫星系统进行精准定位和导航。⑥训练评估：根据运动数据评估训练负荷，预测恢复时间。⑦智能通知：接收和显示来自智能手机的通知信息。⑧音乐控制：通过蓝牙连接控制手机或其他设备上的音乐播放。⑨支付功能：支持支付宝离线支付，简化支付流程。⑩数据同步：通过Wi-Fi或蓝牙与COROS APP同步数据，便于数据管理和分析。特此说明主次功能之分：*主要功能：包括运动追踪、心率监测、GPS导航与定位以及训练评估。*次要功能：血氧检测、睡眠监测、智能通知、音乐控制、支付功能和数据同步。（7）用途：①运动监测与分析：提供跑步、骑行、游泳等运动的实时数据监测和分析。②健康监测：包括心率、血氧饱和度和睡眠模式的跟踪，关注用户健康。③日常活动跟踪：记录步数、卡路里消耗等。④户外运动导航：利用GPS进行路线规划和实时导航。 ⑤训练管理：提供训练负荷评估和恢复时间预测，帮助用户合理规划训练和休息。,黄埔海关
R-2-5200-2024-0052,84799090,点胶阀密封圈,ORING,,规格、型号：无型号；外径7.5mm*内径1.3mm*深度2.7mm。结构组成：密封圈整体形状为蜂窝状，横截面为圆形；外圈是白色塑胶圆形结构，材质是聚乙烯；内部镶嵌SUS301不锈钢弹簧片。内部弹簧片提供弹性，随着阀芯的开关动作弹簧片产生一定的轻微形变，这种形变进一步增强密封圈与密封面之间的贴合程度，形成动态密封效果；同时弹片有助于纠正磨损和偏心，保护密封圈的外圈形状不受影响。密封圈的结构是根据自动点胶机的点胶阀设计的，其形状与点胶阀的阀体和阀芯的密封面之间形成紧密贴合，消除间隙，阻止胶水外泄。工作原理：通用于自动点胶机的配件，安装在自动点胶机设备上的点胶阀内部，与点胶阀的阀体和阀芯的密封面之间形成紧密贴合，封闭胶阀，避免胶水从胶阀中溢出。,黄埔海关
R-2-2200-2024-0221,87019490,多功能车,Multimec MF 100,无,"A品名:多功能车 B品牌:Normet C规格型号:Multimec MF 100 D用途:用于矿山井下和隧道,实现材料,油料,混凝土,炸药等物料和人员的运输,为井下作业设备提供检修工具或加油服务,为井下巷道洒水除尘,起吊物料,提升安装等. Multimec MF 100多功能车可搭配不同功能的车厢,安装不同的车厢可实现不同的功能.适用的车厢包括以下种类:1.平板车厢:运输任何物品.2.材料运输车厢:运输材料物料.3.随车吊车厢:运输和起吊物料.4.炸药运输车厢:运输炸药5.混凝土罐运输车厢:运输预拌混凝土6.泥罐车厢:抽取并运输污泥7.灭火系统车厢:为火灾灭火8.人员运输车厢:运送人员9.检修车厢:提供检修所需工具和器材.10.柴油车厢:运输柴油,给其他设备加柴油11.洒水车厢:洒水除尘12.油料车厢:运输机油,液压油,润滑油等油料,给其他设备加油13.剪式举升平台车厢:剪式举升,铺设电缆,管道或装药填充等高空作业.14.带篮筐工作臂车厢:臂式举升,铺设电缆,管道或装药填充等高空作业功能:使用一个车辆,通过搭配和切换不同种类的车厢,执行多功能作业. E结构:1.Multimec MF 100多功能车由前后车架二部分组成. 前车架包括驾驶室,发动机,变速箱,传动轴,前车桥及车轮,柴油箱,液压油箱,液压泵,液压管路,车厢装卸控制装置. 后车架部分包括传动轴,后车桥及车轮,带拖钩的底板,液压油缸,液压管路. 前后车架在中间铰接连接. 车辆转向方式为前后车架液压铰接转向,制动方式为车桥液压制动.2.Multimec MF 100多功能车报验状态不包含车厢.3.与多功能车配套的各种车厢底部的轨道均可与Multimec MF 100多功能车后车架底板配合安装.F工作原理:1.车厢与多功能车的机械连接:车厢的装卸和更换通过液压系统完成. 后车架有举升油缸和推拉油缸,液压动力来自前车架的液压泵,通过阀门和管路实现油缸的动作. 当安装车厢时,举升油缸将后车架底板的前端举起,底板后部着地,深入到车厢底部托起车厢,并用拖钩钩住车厢底部. 同时,推拉油缸开始工作,将车厢拉起至多功能车底板轨道,不断拉伸直至车厢与多功能车底板完全配合.最后,用锁止销将车厢与多功能车底板固定.2.车厢与多功能车的油路和电路连接:将车厢的油泵或管路与前车架相连接,液压系统连通.同时,将车厢上的电缆或线束与前车架控制系统相连接. 机械,液压和电力连接几分钟即可完成. G性能指标:1.柴油发动机,功率129千瓦.2.车身尺寸:8220x2040x2570mm.3.外转弯半径:6670mm,内转弯半径:4130mm.4.平地空载最高时速:26km/h.5.自重9500公斤,最大有效载荷为10吨,最大满载重量19500kg.",上海海关
R-2-2200-2024-0219,31059090,有机肥料（4-1-1）,Organic Fertilizer（4-1-1）,,结构原理：均匀的粉状物料，由草木灰，腐植酸，糠醛渣，尿素物料混合发酵而成，细度20-60目。性能指标：发酵后的物料有机质＞45%，氮磷钾养分6左右，功能用途：提高土壤的有机质，提高土壤养分的利用率，增加土壤的透气性，改良土壤的板结团粒结构。促进作物根系活力，提高作物的抗逆性，促进作物生长，改善作物的品质。用于果树、蔬菜、药材、水稻、玉米、小麦等作物。成份：腐植酸10%，糠醛渣60%，草木灰22%，尿素8%。加工方法：原料混合、发酵、破碎、筛分、检验、包装计量。规格：1000kg/包。分析方法：依据NY525-2012标准要求检测分析。,上海海关
R-2-2200-2024-0217,90318090,DRPI数字化棒位指示系统,Digital Rod Position Indication System,,电压:220V；品牌:Westinghouse；型号:PLS（备注：PLS是指电站控制系统，DRPI是指数字化棒位系统，DRPI系统作为PLS系统的一个子系统，统一都用PLS作为其型号）；规格：无；结构组成：棒位数据采集柜A/B（安全壳内）、棒位逻辑柜、棒位试验柜、棒位探测器。其中，数据采集柜A/B包含微处理器控制器、数据采集IO模块（模拟量至少监测69个压差输入）、动力/通信电缆等；棒位逻辑柜采用单独I/O模块分别对A/B采集柜里的数据进行采集，并能与电厂实时数据网进行通讯；落棒试验柜包括带可固定机架的工业计算机、至少15英寸的触摸屏平板显示器、硬盘驱动器、键鼠、DVD刻录机、打印机等。性能指标：1E级设备，安全D级，抗震2级（仅适用于数据采集柜A/B和棒位逻辑柜）；用途：核反应堆用，用于监测控制棒在堆芯内提升或插入的实时位置，同时用于试验落棒时间。棒位检测具体方式和原理：核电单机组棒位探测器共69个，通过电磁感应方式检测控制棒驱动杆在堆芯的实际位置，当驱动杆在棒位探测器线圈中穿过时会影响线圈阻抗变化，从而使线圈回路电流发生变化。棒位探测器线圈的电流信号送入棒位数据采集柜A/B后，通过采用电阻获得同比例的电压信号；对该电压信号进线滤波整流和编码，输出格雷码信号和状态信号；通过IO卡与棒位逻辑柜通信，发送格雷码信号和状态信号。在棒位逻辑柜中，将数据柜A和B的两个格雷码转十进制并合成获得全精度实测棒位值；当任何一个实测棒位与棒控系统的要求棒位不符时则输出报警。落棒试验柜提供人机接口供操纵员试验落棒时间，操纵员按要求先从主控室将所需棒组移动到完全提出的位置，当反应堆停堆断路器分闸并向落棒系统发送继电器闭合信号时，选择的棒落入堆芯，落棒系统记录此棒的数据曲线、判断落棒时间并予以记录打印，即落棒试验功能。,上海海关
R-2-2900-2024-0029,25309099,海绿石砂,Green Sand,,海绿石是浅海砂质沉积物在弱氧化-弱还原的同生期被海绿石胶结成岩；生产工艺：天然矿开采一选一研磨一包装等；用途：我公司进口是用于改良土壤。另外，经处理的海绿石能吸附水中的Mg、Ca离子，释放出Na离子，在处理水质时，可用来清除水中可溶性的铁盐和锰盐。还可用作颜料、玻璃的抛光剂等；成分含量：4.94%灼烧减量，8.72%三氧化二铝，67.39%二氧化硅，11.12%三氧化二铁，0.89%氧化钙，1.92%氧化镁，3.94%氧化钾，0.19%氧化钠，0.57%二氧化钛，0.02%氧化钡，0.01%氧化锶，0.02%一氧化锰，0.1%五氧化二磷，0.02%三氧化二铬，0.15%其他（二氧化锆、氧化锂、一氧化铅、氧化锌、氧化镉、三氧化硫、一氧化镍、一氧化钴、氧化铜、氧化铷等）；包装：1.25千克/包,杭州海关
R-2-2200-2024-0202,47010000,木纤维,wood fibre,,将木材经过物理热能处理后，制成高品质木纤维，其用途是栽培。将采购的木片/木块从料斗中输送到纤维粉碎机中，利用纤维粉碎机的滚筒将木片/木块碾开，在碾开的过程中通过巨大的摩擦力产生热量，结合木片/木块中自带的水分，产生蒸汽（大于90℃）。在此过程中同时完成碾磨及加热消毒的工作，通过切割机自带料斗，将碾磨完毕的纤维原料输送至刀口处，根据所需的木纤维粗细度，进行切割操作。木材来源：松木，成分：100%木纤维，引进的规格：中粗（0-20mm）,上海海关
R-2-4200-2024-0020,69091200,陶瓷球,92% ALUMINA BALLS,氧化铝陶瓷球,1、品名：陶瓷球，又称氧化铝陶瓷球；2、结构：圆形球状，分别为直径60MM和90MM；3、成份：AL2O3:92%，SIO2:7%，FE2O3:0.2%，TIO2:0.3%；4、加工方法：原材料是：铝矾土75%、辊棒粉15%、工业氧化铝粉8%、高温煅烧阿尔法氧化铝粉2%等材料为原料。第一步：把这些原材料破碎，研磨，制成粉末。第二步：这些粉末放入混料机中，进行搅拌混合均匀。第三步：粉末进入压力机上，压制成球状。第四步：这些球胚，进入高温隧道窑中，烧5-7天。第五步：出窑后，进行挑选，包装，发货。5、用途：主要用在球磨机中，研磨矿物原料，研磨成粉，产品具有密度高，硬度高，磨耗低，抗震稳定性好，耐腐蚀等特点，是釉料、坯料及各种矿粉加工最理想的研磨介质，直径从0.5MM到90MM，本次出口直径为60mm和90mm 性能指标：莫氏硬度9。,青岛海关
R-2-5300-2024-0031,84145990,精密空调,Precision air conditioning,,品牌和型号：Envicool 牌精密空调，CyberMate070BED1C 机房专用空调产品。用途：是针对交换机房和移动机房、计算机房、数据中心（IDC）、高科技环境及实验室、工业控制室和精密加工设备、标准检测室和校准中心、UPS 和电池室、生化培养室、医院和检测室、实验室及工业洁净室等应用场所开发的机房专用空调系列，机组性能参数完全按照机房精密空调要求设计制造，产品具有高节能率、高可靠性、高能效比、多冷量段、多送风方式等特点。构成：空调由冷水管和风机构成。原理：冷水管外接冷源，在空调内部完成热交换，降低空气温度后，由风机将低温空气送出，从而降低环境温度。风机功率：2.8kW。备注：该产品未设计调节湿度的装置。,深圳海关
R-2-5100-2024-0054,84798999,克隆筛选单细胞分选系统,single cell dispenser,,1、性能：分离单细胞效率高；2、用途：单细胞分离和筛选；3、成分和材质：金属、塑料等（见附件）；4、包装：泡沫防震包装；5、结构原理（见附件）：明场分选设备，内部包括喷嘴成像、(配置：基于明场图像单细胞的分选，如CHO，HEK，Hela，L929，U2OS，IPS等细胞)、钢制底盘、电源板、电脑盒、电子盒、光学盒、轴系、底板；6、工作原理（见附件）：将装有细胞的细胞悬液加载入芯片中，仪器基于芯片从细胞悬液中按需生成液滴，生成的液滴被相机所捕获并识别、检测、分类此液滴（含有单个细胞的液滴、含有两个或多个细胞的液滴以及不含细胞的液滴），满足需求（如单个细胞的液滴，且液滴中的这个单细胞的直径、圆度满足一定条件(由使用者设置，直径范围为0-40微米，圆度范围为0-1)）的液滴从喷嘴喷出并掉入至孔板中。喷嘴成像是基于高分辨率的相机，对芯片的喷嘴区域进行拍照。分选以及成像工作均在仪器内完成，外部会接显示屏直接进行结果的查看。,广州海关
R-2-5100-2024-0052,71101100,铂合金块,无,,"铂合金块:无品牌、未锻造、圆杯状，其中银含量约 18.08%，铂含量约 3.39%，金含量约 1.92%,铜含量约 76.4%；包装种类：纸箱",广州海关
R-2-2300-2024-0089,94054290,光学平台,Hybrid Optic Bench Assy,,该光学平台结构：由铝件，塑料件，电路板，散热片，树脂镜片，发光二极管，线缆，螺丝螺母组成。用途：流式细胞仪的光源定位部件。商品原理：将该光学平台安装在流式细胞仪上，通过发光二极管所发出的光源经树脂镜片将固定波段的光束照射到细胞的指定位置，从而分析细胞表型功能的特性。功能：起到照明作用。将特定波长的光源照向指定位置照明。不带有流式细胞仪的其他专用零件，光学平台就是流式细胞仪专用模块。,南京海关
R-2-4200-2024-0018,28269090,四氟硼酸锂,Lithium Tetrafluoroborate,,用途：电解液添加剂，增加电导率，提高电池的冷启动性能；成分:四氟硼酸锂99.5%以上、水分0.5%以下；该产品是一种单一的纯净物。CAS：14283-07-9；分子式：BF4Li；结构式：见附件；包装：塑料瓶+UN纸箱。加工方法：氟化锂+三氟化硼进行缩合反应、然后结晶过滤干燥得到四氟硼酸锂。,青岛海关
R-2-2200-2024-0197,38249999,氧化钇稳定氧化锆,Yttria stabilized zirconia,,包装：塑料桶/编织袋，成分：Zr02+HfO2 90% / Y2O3 7.9% / Al2O3 2%/其他杂质 0.1%，材质（原材料）：氧氯化锆、氧化钇、氧化铝，性能：有高硬度，高强度，高韧性，极高的耐磨性及耐化学腐蚀性等等优良的物化性能，用途：氧化钇稳定氧化锆材料具有高硬度、高熔点、绝缘性好、极高的耐磨性及耐化学腐蚀性等等优良的物化性能，广泛应用于陶瓷、生物医疗、耐火材料、传感器、光伏、能源材料等领域，该产品没有进行锆铪分离。加工方法：煅烧（氧氯化锆提取出氧化锆）-球磨（添加氧化钇和氧化铝进行混合）-喷雾干燥（出成品氧化钇稳定氧化锆），分析方法：ICP/XRF,上海海关
R-2-5300-2024-0029,90189099,超声刀杆,"Ultrasonic shears,curved tip",,1.规格型号：超声刀杆230(长274.67mm、直径不规则(2.15mm~4.7mm))超声刀杆360(长403.6mm、直径不规则(2.15mm~4.7mm))超声刀杆450(长491.38mm、直径不规则(2.15mm~4.7mm))2.结构原理：2.1.超声手术刀，全称为超声切割止血刀，是一种高频电外科设备和微创手术工具，主要由主机、超声刀头、脚踏板组成。其中，超声刀头主要零件有换能器手柄、外套管、内套管、超声刀杆、夹钳、组织垫、销钉。2.2.超声刀杆是以钛棒为原料(钛合金、直径5.5mm、钛含量88.077%)，主要加工工序有走心机、CNC加工、热处理、抛光、镭雕、表面处理(铁氟龙)等。2.3.超声刀杆是利用超声手术刀主机输出稳定的超声频率电信号，经换能器产生的电致伸缩效应，将超声电能通过超声刀杆上的不同结构进行放大和耦合，转换为机械能产生高频振动，对人体软组织起到切割止血作用，达到手术治疗目的。3.性能：频率Fs 54390~56610、阻抗R1≦70Ω、品质因素Qm≧6000。4.材质：钛合金、Ti6Al4V Eli。5.成分：Ti Balance、AI 5.5-6.5%、V 3.5-4.5%、Fe≤0.25%、O≤0.13%、C≤0.08%、N≤0.05%、H≤0.013%、Other≤0.40%。6.功能：6.1.超声手术刀功能：(1)超声手术刀是微创手术工具，它利用超声的空化效应和高频机械振动，改变人体软组织的结构和状态，主要用于外科手术的人体组织的切割与血管闭合等操作，达到治疗目的。(2)超声手术刀具有精准切割、切割效率高、灵活性好、出血少、对周围组织伤害少、术后恢复快等特点，刀头工作时也没有电流通过人体。6.2.超声刀杆功能：超声刀杆与夹钳配合，利用超声刀杆产生的高频振动，接触人体软组织并对软组织起到切割止血作用，达到手术治疗目的。7.用途：7.1.超声手术刀用途：主要在医院普外科、泌尿外科、妇产科、头颅外科的手术室应用，有无血手术刀之称。7.2.超声刀杆用途：作为超声手术刀的零件之一，无单独用途，其与其他零件组装后，主要用于医院普外科、泌尿外科、妇产科、头颅外科的手术室。8.超声刀杆加工方法：钛棒→走心机加工→CNC1~3夹加工→清洗1/检验→热处理→抛光→清洗2/检验→镭雕→表面处理(铁氟龙)→终检出货9.包装：纸箱,深圳海关
R-2-5200-2024-0048,95030089,玩具对讲机,Laser X Walkie Talkies,,由ABS塑胶料、MABS塑胶料经注塑工艺成型后进行喷油、移印处理，再组装五金配件、电子零件而制成; 玩具组成：产品由塑胶啤件、五金配件、电子零件组成; 玩具顔色：彩色；功能：无线电对话功能，仅限在600米的范围，相同颜色灯的对讲机，才能相互发射接收电话，频率:462.5625MHz，462.5875MHz，462.6125MHz，发射功率:0.5W，接收灵敏度:-122dBm，频率范围:27MHz~800MHz，作电压:2.5V-4.8V。包装方式：彩盒包装。,黄埔海关
R-2-5100-2024-0051,22087000,杰弗杜洺阁白兰地X0 咖啡味(配制酒),JF DOMINIC XO WHITE COFFEE CHL,,一、配料百分比：白兰地36.95%、蒸馏酒35.95%、水25%、食用香料（咖啡味）2%，焦糖色0.1%；   配料中的蒸馏酒，是由水果和甘蔗发酵蒸馏制成；       二、酒精度：40% vol，原瓶进口，品牌：杰弗杜洺阁，700ml/支，6支/箱,广州海关
R-2-5100-2024-0050,39241000,硅胶冷冻盒,Silicone Baby Food Freezer Tray,,性能：家用冷冻盒 | 用途：适用于个人或家庭日常制作或储存冰块、辅食（例如果泥、蔬菜泥等）| 成分和材质： PP（外盒）；硅胶（面盖、冷冻格）；304不锈钢（硅胶格骨架）| 包装： 卡纸包装,广州海关
R-2-4200-2024-0017,84807110,囊式型模用模壳,无,,本次进口的产品为囊式型模用模壳，型号： H430，主要材质为钢铁，主要用在轮胎硫化机上，主要用于轮胎生产硫化程序（轮胎生产主要包括原料密炼、胶部件准备、轮胎成型、轮胎硫化、轮胎检测及测试等）。主要原理：硫化轮胎用囊式型模共包括铝制花纹块、钢铁制侧板和钢铁制模具壳，在硫化轮胎时，将模具花纹块和侧板安装在模壳中，然后整体模具装到硫化机上，环状胶囊充气后产生压力将轮胎胚压向型模内壁，经过设定的时间以及高温高压，硫化成成品轮胎。硫化完的轮胎即具备了成品轮胎的图案以及胎面花纹，也有相应的硬度、强度和弹性。硫化是轮胎制造的关键步骤，也是轮胎生产过程的升华，其中硫化轮胎用囊式型模发挥了极其重要的作用。,青岛海关
R-2-4200-2024-0016,22029900,甘奇舒植物饮品,甘奇舒植物饮品,,性能：增强肝脏乙醇脱氢酶（ADH） 和 乙醛脱氢酶（ALDH ）活力水平，促进肝脏乙醇的代谢。提高肝脏抗氧化应激能力，降低氧自由基和脂质过氧化物对肝脏的损害。成分：水80%、白砂糖6.5%、枳椇子3.2%、山楂2.9%、甘草1.8%、葛根1.48%、大枣1.44%、陈皮1.15%、干姜0.52%、砂仁0.43%、茯苓0.29%、人参0.29%(5年及5年以下人工种植的人参)。包装 :50ml/瓶，12瓶/盒，120瓶/箱。饮用方法:直接饮用（本品每日食用不超过4瓶）。不适宜人群:孕妇、哺乳期妇女及14周岁以下儿童不宜食用,青岛海关
R-2-2200-2024-0189,21069062,风味植脂末,Flavor seasoning creamer,,规格：25kg/袋；用途：食品加工用途 成分：白砂糖88%，植脂末10%，盐2%； 加工方法：将白砂糖，植脂末和盐混合搅拌均匀，称重、装袋，贴标签，储存，装运。,上海海关
R-2-2300-2024-0083,84798999,无隔板打折机,HEPA PLEATING MACHINE,玻璃纤维打折机,"1、结构组成：放卷装置、压痕装置、分切装置、热熔胶喷涂装置、热熔胶冷却装置、折叠装置和控制装置等组成，以上装置中除玻璃纤维滤纸热熔胶喷涂装置中的胶箱是通过胶管与主机连接外，其他装置均在同一底座上。2、品牌：DOUBLEWIN CO.,LTD./无中文品牌名。3、型号：DBWH-W1300。4、用途：用于折叠玻璃纤维纸。5、功能：通过放卷装置，放卷玻璃纤维纸，然后通过压痕装置在玻璃纤维纸上等距压痕后，用热熔胶喷射头在玻璃纤维滤纸上喷射热熔胶，通过风扇吹干热熔胶后通过折叠装置按照压痕折叠玻璃纤维滤纸 6、玻璃纤维纸成分含量：玻璃纤维94%，胶乳6%。7、玻璃纤维纸工艺流程：玻璃纤维原料进厂-进料检验-检验合格的原料进行储存（不合格的原料按不合格品程序处理）-将储存的合格原料进行生产备料配料-浆料碎解-抄造成型-涂胶-干燥-进行缺陷检出-自动水分定量检测装置-卷取-大卷纸品质检验-合格卷纸分切复卷-成品纸品检验-合格纸品包装入库-成纸储存-成纸发运。8、工作过程 ：①把玻璃纤维纸卷解松供料  ②在滤纸上压出折纸位置痕迹 ③分切滤料④在滤料上喷热熔胶⑤ 冷却热熔胶：通过风机吹风实现 ⑥按照折纸位置痕迹折叠玻璃纤维纸，以便后续做成过过滤片",南京海关
R-2-3100-2024-0077,96032900,木刷,Updo Brush,,"规格：22.5*2.5*3.5cm；用途：多功能刷头发，刷除灰尘等；成分：榉木，尼龙, 猪鬃；加工方法：切割木头，喷漆，植毛",宁波海关
R-2-2200-2024-0185,29371900,甘精胰岛素EP标准品,Insulin Glargin Reference Standard（EP）,,"成分是约100%甘精胰岛素，欧盟委员会及EDQM官方产品,此类产品无相关检测报告。生产及销售方为欧洲药品和医疗保健质量局EDQM。该产品为欧盟药典的标准品，而非市售药或自制产品商品。原产地文件中提及其生产工艺如下，甘精胰岛素是通过重组DNA技术大肠杆菌生产的。该方法使用人胰岛素基因序列进行修饰，方法是将甘氨酸插入A链的位置A21，并插入精氨酸到B链的位置 B31 和 B32。该产品为《欧洲药典》规定的实验室检测的标准物质，产品为冷冻干燥制成。用途是在研究中用于定量甘精胰岛素的效价，仅用于科学研究开发和分析。",上海海关
R-2-2200-2024-0184,90328990,主推进遥控系统,Propulsion Control System,,型号：NORISTAR4;结构原理：遥控手柄通过连续变化的模拟量信号控制主机的转速，另外通过PLC逻辑控制螺旋桨正反转，由此控制船舶的前进及后退。控制方式：PLC控制，闭环控制，存在手动模式。控制对象：控制柴油机或电机的转速、转向及负荷。功能：远离机旁在驾驶台（或集控室）通过自动控制装置对传播主机进行有线操纵，不含无线通讯。用途：对船舶主机和螺旋桨进行远距离操纵，包括转速及转向。成份：金属和工程塑料。加工方式：组装。,上海海关
R-2-5300-2024-0026,48119000,香港银行用标签纸卷,无,无,(1)规格：大卷：0.079M(宽)x 102M(长)、直径：0.22M、每卷可印4124个标签、 小卷：0.079M(宽)x15.3M(长)、直径：0.12M、每卷可印1030个标签 (2)无型号 (3)结构原理：成卷 (4)无性能指标 (5)功能：感热打印方式显示交易数据，(6)用途：用于记录在柜员机上完成的交易数据 (7)成份：70克/平方米已涂布热敏纸 (8)加工方法：印刷、反射标靶印刷、裁切、上纸芯管、包装 (9)无分析方法 (10)无品牌，(11)正面印刷内容：银行名称和固定的表格格式，背面印刷内容：客户须知事项和反射标靶(用于切断每个标签的定位)(12)在银行柜员机上打印。,深圳海关
R-2-7900-2024-0017,38249999,芯片贴片胶,Die Attach Paste,环氧树脂银胶,"用途：用于半导体芯片粘合；成份: 银粉70-90%，环氧树脂10-20%，稀释剂5-10%，酚醛树脂1-5%,溶剂0.1-1%，双氰胺0.1-1%；规格:：35g/支：",成都海关
R-2-7900-2024-0016,83100000,蚀刻并列板,Plate Etched,,"形状：片状；材质：复合型材质；规格：长度197㎜，宽度100㎜，厚度0.55㎜；加工方法：蚀刻工艺；用途：电子设备外观件；成分：碳0.0133%，錳1.2335%, 硅0.2735%,磷0.0365%,硫0.0024%,鉻16.6415%,鎳10.11%,鉬2.0685%,鐵69.6208% 。",成都海关
R-2-5300-2024-0025,48119000,香港入境标签纸卷,HONGKONG IMMIGRATION LANDING SLIP,,(1)规格：大卷：0.6M（宽）x 102M（长）每卷可印2000个标签、 小卷：0.6M（宽）x 15.3M（长）每卷可印300个标签 (2)无型号 (3)结构原理：成卷 (4)无性能指标 (5)功能：感热打印方式显示入境数据 (6)用途：用于记录境外人员进入香港记录 (7)成份：90克/平方米已涂布三防热敏纸(防水、防油、防酒精) (8)加工方法：印刷、防伪微缩荧光印刷、反射标靶印刷、打印号码、裁切、上纸芯管、包装 (9)无分析方法，无品牌 (10)正面印刷内容：中间印有香港入境处标志、两边有香港入境处字样（防伪作用），背面印刷内容：入境人员须知事项和黑色反射标靶（用于切断每个标签的定位）(11)在热敏纸打印机上使用。,深圳海关
R-2-3100-2024-0074,21069090,GoodHealth好健康特级牡蛎精胶囊60粒/瓶,GoodHealth Oyster Plus Capsules 60 capsules/bottle,,"性能：主要成分：牡蛎干粉350mg,氧化锌8.8mg，辅料：微晶纤维素55.25mg,硬脂酸镁8.00mg,二氧化硅8.00mg，胶囊壳：硬壳明胶胶囊98.00mg，单粒总重量：528.00mg；单粒总重量：528.00mg、用途：含有天然雄激素，有助男性活力、成分：牡蛎干粉66.28%，氧化锌1.67%，微晶纤维素10.46%，硬脂酸镁1.52%，无水二氧化硅胶体1.52%，胶囊壳18.55%、材质：硬胶囊、包装：瓶装",宁波海关
R-2-2300-2024-0081,90318090,安全带张力传感器,Series 874 Seat Belt Tension Sensor,,"用途:用于汽车座椅安全带，实时追踪织带的使用状态并精确测量其所承受的张力。结构：张力传感器，线束，接插件。功能：实时追踪织带的使用状态并精确测量其所承受的张力,以放大后的电信号传至整车ECU, ECU将整车上所有传感器信号进行收集后，综合评估决定安全气囊的展开方式，从而保障驾乘安全。",南京海关
R-2-2300-2024-0080,85414300,太阳能板,Dye sensitized PV cell,,结构组件：玻璃、粘合剂、染料、母线、无二极管、单一太阳能面板，无电子元件。功能原理：该产品是光电化学过程将光能转换为电能的薄膜太阳能板，组装成块。用    途：用于遥控器，将太阳能转化为直流电能。成品加工工艺: 将太阳能电板通过焊接两条连接线与遥控器PCB板连接；太阳能电板与镜片做OCA（具有光学透明的一层特种无基材的双面胶）贴合，贴合后的组件用双面胶与遥控器面壳粘贴，组装成遥控器成品。,南京海关
R-2-5700-2024-0015,84279000,飞机发动机托架（带升降装置）,Engine STAND,发动机托架,"无牌无型号，适用于涡轮风扇发动机；材质：钢铁制，规格约400*250*150CM；功能描述：组成部件：底架，支撑架，升降装置。功能：作为承载发动机的平台，主要用于涡轮风扇发动机的运输和临时储存。通过托架上的机械臂支点，使用吊耳与发动机相连,将发动机固定于托架上，通过托架自身的减震、液压装置及叉车孔/运输轮,满足发动机运输和临时存放的要求。底架：发动机在运输过程中，与运输工具链接的部分，主要起到固定的作用；同时底架两边预留有2个叉车孔位及4个运输途中收起的脚轮，插孔主要方便叉车通过移动托架来完成发动机装载；4个脚轮不带有动力装置，需依靠人力推动或利用牵引杆连接托架前面挂钩用于其他车辆牵引移动，主要在发动机内场装机作业过程中，对发动机进行位置微调时使用，如前后左右移动，配合吊具和风扇机匣分离器共同完成发动机换发任务，平时脚轮收起。；支撑架：通过与发动机链接、起到支撑和固定发动机的作用。底架和支撑架通过减震的橡胶垫相连,从而实现托架整体的减震功能，确保运输过程中的减震要求。升降装置:支撑架前后安装有手动液压升降装置，通过调整支撑架高度,使发动机能快速装入、并固定于托架上。",拱北海关
R-2-5700-2024-0014,87164000,飞机发动机托架（不带升降装置）,Engine STAND,发动机托架,"无牌无型号，适用于涡轮风扇发动机，材质：钢铁制，规格约380*270*170CM；功能描述：组成部件：含底架，支撑架，无提升或其他机械装置；功能：作为承载发动机的平台，主要用于涡轮风扇发动机的运输和临时储存。通过托架上的机械臂支点，使用吊耳与发动机相连,将发动机固定于托架上，通过托架自身的减震、叉车孔及运输轮,满足发动机运输和临时存放的要求。底架：发动机在运输过程中，与运输工具链接的部分，主要起到固定的作用；同时底架两边预留有2个叉车孔位及4个运输途中收起的脚轮，插孔主要方便叉车通过移动托架来完成发动机装载；4个脚轮不带有动力装置，需依靠人力推动或利用牵引杆连接托架前面挂钩用于其他车辆牵引移动，主要在发动机内场装机作业过程中，对发动机进行位置微调时使用，如前后左右移动，配合吊具和风扇机匣分离器共同完成发动机换发任务，平时脚轮收起；支撑架：通过与发动机链接、起到支撑和固定发动机的作用。底架和支撑架通过减震的橡胶垫相连,从而实现托架整体的减震功能，确保运输过程中的减震要求。",拱北海关
R-2-5200-2024-0043,84561100,镭射印字机,E&R LF 2D Strip Laser Marker,,"1.用途说明：该设备专用于贴片式二极管、三极管生产工序中焊晶粒之前的极片印字工序，利用该设备在条状引线框架上进行激光刻印。
2.印字对象：金属制的条状引线框架表面（比如铜合金制，铁镍合金制）。
3.设备构造：镭射印字机主要由进料模块，镭射印字模块，影像检测模块，出料模块组成。该台镭射印字机经第三方检验机构（中国检验认证集团）认定属于机床，第三方检验机构出具的证书详见附件。
4.工作原理：镭射印字机主要由进料模块，镭射印字模块，影像检测模块，出料模块组成。人工首先通过电脑录入好需要打印的标识信息，然后将条状引线框架（未焊晶粒未焊线的极片）放到镭射印字机的进料模块，设备自动运送至镭射印字模块，然后利用镭射激光将需要打印的信息刻在其表面。镭射印字的具体过程是设备的镭射头发出镭射光，以热量灼烧铜引线框架边缘的表面，使在其表面形成可辨识的刻痕。
5.品牌：E&R。
6.型号：LM-502-CMBMC。",黄埔海关
R-2-2300-2024-0077,84289090,吹扫捕集仪,Eclipse Purge?and?Trap Sample Concentrator,,分析挥发性有机物，处理那些需要由气相色谱（GC）或气相色谱/质谱（GC/MS）进行分析的挥发性有机物质(VOC)样品，进样器先把待检测的样品进样给吹扫捕集样品浓缩仪，吹扫捕集仪通过电脑软件控制，采用调好流量的惰性气体，在固定时间内从液体、固体或气体样品中将挥发性有机化合物（VOC）吹扫出来，从样品中吹扫出来的分析物质，浓缩在适用于不同应用的捕集阱上，然后捕集阱被快速加热，阀芯转换位置，采用反向的载气流将分析物像“子弹”一样解析到气相色谱仪（GC）的色谱柱上。除水装置去除了捕集到的水，最大限度的减少了多余水分进入气相色谱仪（GC）的机会，自行完成浓缩的操作过程。,南京海关
R-2-2200-2024-0180,84869099,半导体设备专用管路组件,Specified Weldment Kits for Semiconductor Equipments,,"品名：半导体设备专用管路组件。品牌：无品牌，型号：0051-78758，材质：不锈钢316L/304，加工工艺：不锈钢管件经加工，焊接接头。结构：由多个接口、管道组成，可同时连接气相沉积设备中不同的部件。用途：专用于半导体气相沉积设备当中。功能：本商品安装于气相沉积设备内部,主要起到连接、输送气体的作用。可同时连接阀门、半导体气相沉积设备中转负压腔、半导体气相沉积设备工艺反应腔、真空压力开关等其他部件。连接后通过真空泵（不带有）排除、清空反应腔、负压腔等部件中的废气，为下一道工序做准备。",上海海关
R-2-2200-2024-0179,21069090,菓珍阳光甜橙味风味固体饮料,TANG POWDERED FLAVORED BEVERAGE ORANGE 750G,,"成分含量:白砂糖96.5142%,柠檬酸2.07%,羧甲基纤维素钠0.30%,磷酸三钙0.337%,黄原胶0.1033%,柠檬酸钠0.08%,二氧化钛0.0484%,辛烯基琥珀酸淀粉钠0.0176%,柠檬黄0.0129%,日落黄0.0086%,阿拉伯胶0.0022%,二氧化硅0.0011%,L-抗坏血酸0.145%,盐酸吡哆醇0.0021%,焦磷酸铁0.0702%,氧化锌0.0117%,食用香精0.2757%，包装规格:750克*12包/箱，品牌:Tang，型号：610479，加工工艺：白砂糖与食品添加剂（柠檬酸、羧甲基纤维素钠等）、矿物质、维生素、食用香精等经过干混合而成，食用方法：1；将约2-3匙产品加入杯中（25克）2；加入约1杯冷水或温水至200毫升3；调匀后即可饮用",上海海关
R-2-5200-2024-0038,48195000,天地盒,无,,"天地盒为长方形,由盖盒与底盒两部份组成,盖盒印有产品图案,长宽高为17.5CM*12CM*5CM,底盒无印刷内容,长宽高为17CM*11.5CM*4.7CM。天地盒并非一体成型，而是将盖盒与底盒分别制作，再将其扣合在一起使用。盖盒材质为面纸46%+灰板纸54%，底盒材质为面纸26%+灰板纸44%+纸托30%。灰板纸用于制作盒底、盒盖和其他需要承重或提供结构支撑的部分, 面纸主要用于覆盖在灰纸板表面，作为盒体的外层。加工方法为使用模具对灰纸板裁切成所需的形状，并对裁切后的灰纸板进行切槽，然后通过全自动四角贴角机进行贴角制成坯盒, 对面纸进行上胶，然后将坯盒与面纸相粘合, 采用坯盒面纸引取机构将粘合有面纸的坯盒导引，并通过坯盒面纸裱糊成型机构完成面纸对坯盒表面的裱糊, 裱糊后的天地盖盒进行自动压泡处理消除在裱糊过程中可能产生的气泡。（详见如附档生产流程图）天地盒主要用来装电脑用触控面板,不可折叠。",黄埔海关
R-2-5100-2024-0046,38249999,血清替代物,XerumFree,XerumFree?血清替代物,1、外观：液体状，500ml/瓶，零售包装出售；2、成分含量：人血清白蛋白约占5.5%、人转铁蛋白约占0.1%、脂质分子（胆固醇，卵磷脂，油酸，棕榈酸等）约占0.1%、剩余大部分为磷酸缓冲混合液（由蒸馏水、8% NaCl、0.2% KCl、1.44% Na2HPO4、0.24% KH2PO4混合制成）；3、制备方法：基因克隆（获取人血清白蛋白和转铁蛋白的基因序列，并将其克隆到适当的载体中）→细胞培养→基因转染→细胞筛选→蛋白表达→蛋白纯化→得到人血清白蛋白及人转铁蛋白→最后按配方比例将人血清白蛋白、人转铁蛋白、脂质分子（胆固醇，卵磷脂，油酸，棕榈酸等）溶于磷酸缓冲混合液中→灌封入瓶→无菌化处理→低温冷藏→入库；4、存储条件：2-8℃；5、原产国：荷兰；6、温馨提示：不可用于临床治疗或诊断用途；7、使用方法：后续使用时，必须根据实验所需的量进行量取，并必须要与细脃培养基的其它功能性配方（氨基酸，维生素，缓冲体系，微量元素，生长因子等）一起混合配制使用，才可配制得到细胞体外生长增殖的完全培养基；8、用途：该商品是作为用于无血清细胞培养的限定添加剂使用（defined additive for serum free cell culture），用于替代培养基中的血清成分，主要用途为培养基的制作提供一种营养物质的来源，维持所有细胞类型的生长需求，为后续细胞培养基的制备及细胞的生长分化提供便利。它不含动物成分，不含激素和生长因子，不含可能潜在致病的成分。,广州海关
